,mmsi,ground_truth,prediction,probability
0,209313000_9_2022-09-17 19:07:12,"(445, 444, 430, 421, 431, 437, 436, 442, 441, 427, 404)","(445, 444, 430, 421, 431, 447, 446, 437, 436, 442, 441)",0.556
1,209535000_4_2022-09-09 16:33:41,"(527, 537, 536, 533, 500, 502, 530, 528, 556, 634, 619)","(527, 526, 537, 536, 533, 515, 504, 505, 266, 299, 300)",0.134
2,209535000_5_2022-09-14 14:54:06,"(333, 336, 9, 160, 158, 15, 183, 184, 185, 186, 16)","(333, 336, 9, 161, 160, 156, 15, 183, 184, 185, 186)",0.327
3,209535000_7_2022-09-23 13:51:37,"(22, 454, 455, 392, 382, 448, 460, 456, 457, 428, 429)","(22, 403, 392, 382, 448, 460, 451, 456, 457, 428, 429)",0.039
4,209535000_8_2022-09-24 17:18:18,"(527, 536, 533, 499, 529, 528, 661, 658, 656, 651, 635)","(527, 526, 537, 536, 533, 515, 500, 499, 502, 530, 529)",0.136
5,209715000_17_2022-09-10 16:03:29,"(682, 704, 703, 696, 614, 622, 615, 660, 700, 699, 697)","(682, 701, 704, 703, 696, 687, 614, 622, 621, 615, 631)",0.192
6,209715000_17_2022-09-10 16:03:29,"(620, 618, 643, 644, 679, 518, 519, 458, 325, 234, 111)","(620, 618, 644, 639, 659, 678, 679, 601, 518, 519, 516)",0.153
7,209715000_5_2022-09-10 00:14:16,"(10, 294, 279, 280, 306, 305, 298, 8, 127, 132, 135)","(10, 294, 279, 281, 280, 306, 305, 264, 265, 263, 88)",0.061
8,210350000_0_2022-09-09 01:41:52,"(429, 449, 474, 472, 10, 330, 336, 161, 160, 158, 15)","(429, 395, 443, 449, 465, 475, 473, 472, 477, 484, 491)",0.093
9,210350000_11_2022-09-27 12:34:37,"(29, 65, 75, 74, 67, 69, 68, 66, 77, 76, 73)","(29, 65, 75, 74, 67, 69, 68, 66, 77, 76, 73)",0.844
10,210350000_16_2022-09-28 16:09:15,"(598, 597, 534, 542, 325, 308, 273, 276, 277, 275, 274)","(598, 597, 563, 534, 539, 257, 222, 278, 285, 289, 288)",0.049
11,210350000_5_2022-09-16 17:59:50,"(517, 527, 537, 500, 530, 528, 556, 635, 655, 648, 642)","(517, 527, 526, 537, 536, 533, 515, 504, 505, 266, 299)",0.135
12,210501000_0_2022-09-01 15:42:20,"(121, 124, 138, 137, 152, 151, 146, 141, 143, 144, 148)","(121, 118, 127, 132, 135, 138, 137, 152, 151, 145, 146)",0.03
13,210501000_11_2022-09-17 02:57:31,"(699, 698, 697, 691, 690, 693, 707, 702, 675, 681, 705)","(699, 698, 697, 691, 690, 692, 693, 707, 702, 675, 681)",0.218
14,210501000_11_2022-09-17 02:57:31,"(619, 617, 618, 643, 644, 639, 649, 679, 379, 324, 374)","(619, 620, 618, 644, 639, 659, 678, 679, 601, 518, 519)",0.195
15,210501000_2_2022-09-03 04:52:57,"(675, 705, 683, 647, 628, 676, 671, 613, 632, 633, 606)","(675, 681, 705, 709, 708, 683, 647, 628, 627, 677, 676)",0.388
16,210501000_4_2022-09-13 05:43:56,"(454, 455, 418, 392, 382, 448, 451, 456, 457, 428, 429)","(454, 455, 418, 403, 392, 382, 448, 460, 451, 456, 457)",0.077
17,210501000_4_2022-09-13 05:43:56,"(130, 5, 7, 410, 468, 482, 432, 383, 408, 393, 463)","(130, 131, 120, 5, 87)",0.174
18,210501000_8_2022-09-14 15:19:17,"(606, 616, 653, 662, 663, 661, 658, 656, 651, 635, 654)","(606, 616, 653, 662, 663, 661, 658, 656, 651, 635, 654)",0.427
19,210501000_9_2022-09-15 13:08:58,"(10, 295, 279, 281, 280, 306, 305, 299, 300, 8, 117)","(10, 294, 279, 281, 280, 306, 305, 264, 265, 263, 88)",0.059
20,210803000_0_2022-09-02 19:02:16,"(218, 485, 486, 357, 353, 349, 350, 50, 109, 19, 61)","(218, 357, 353, 349, 350, 50, 109, 110, 19, 61, 60)",0.087
21,210803000_22_2022-09-03 23:49:39,"(398, 406, 405, 396, 399, 402, 401, 417, 424, 423, 419)","(398, 406, 405, 396, 399, 402, 401, 417, 424, 423, 419)",1.0
22,211141000_0_2022-09-07 21:25:03,"(19, 61, 60, 24, 93, 18, 25, 95, 94, 17, 23)","(19, 61, 60, 24, 93, 18, 25, 95, 94, 17, 23)",0.486
23,211141000_1_2022-09-09 08:15:04,"(10, 294, 279, 280, 306, 299, 300, 8, 117, 123, 122)","(10, 294, 279, 281, 280, 306, 305, 264, 265, 263, 88)",0.051
24,211141000_3_2022-09-09 23:52:41,"(673, 684, 686, 695, 704, 703, 696, 687, 622, 621, 660)","(673, 684, 686, 695, 694, 689, 688, 682, 701, 704, 703)",0.16
25,211141000_3_2022-09-09 23:52:41,"(650, 642, 641, 637, 638, 634, 619, 617, 618, 644, 639)","(650, 642, 641, 637, 638, 634, 619, 620, 618, 644, 639)",0.262
26,211141000_4_2022-09-28 12:32:12,"(125, 130, 131, 120, 5, 7, 410, 468, 479, 476, 481)","(125, 130, 131, 120, 5, 87)",0.174
27,211141000_8_2022-09-29 07:04:33,"(709, 708, 683, 628, 676, 632, 633, 663, 635, 620, 618)","(709, 708, 683, 647, 628, 627, 677, 676, 671, 625, 613)",0.348
28,211286440_4_2022-09-01 18:10:33,"(697, 691, 692, 707, 702, 675, 681, 705, 709, 708, 683)","(697, 691, 690, 693, 707, 702, 675, 681, 705, 709, 708)",0.172
29,212530000_26_2022-09-22 14:19:10,"(62, 268, 267, 633, 616, 653, 663, 657, 656, 635, 654)","(62, 268, 267, 633, 606, 616, 653, 662, 663, 661, 658)",0.312
30,212530000_8_2022-09-07 10:06:02,"(392, 382, 459, 460, 451, 457, 428, 429, 395, 449, 474)","(392, 382, 448, 459, 460, 451, 456, 457, 428, 429, 395)",0.06
31,218816000_0_2022-09-23 02:59:38,"(313, 22, 451, 428, 429, 395, 449, 474, 475, 472, 477)","(313, 454, 455, 418, 403, 392, 382, 448, 459, 460, 451)",0.067
32,218816000_0_2022-09-23 02:59:38,"(5, 7, 410, 468, 479, 482, 432, 383, 409, 408, 393)","(5, 87)",0.065
33,218816000_10_2022-09-24 04:08:50,"(642, 640, 641, 637, 634, 619, 679, 601, 518, 519, 440)","(642, 641, 637, 638, 634, 619, 620, 618, 644, 639, 649)",0.165
34,219023116_0_2022-09-03 05:26:13,"(125, 0, 131, 120, 5, 6, 7, 410, 481, 432, 383)","(125, 130, 131, 120, 5, 87)",0.15
35,219023116_2_2022-09-04 05:34:02,"(613, 633, 606, 616, 663, 658, 656, 651, 635, 655, 652)","(613, 632, 633, 606, 616, 653, 662, 663, 661, 658, 656)",0.401
36,219023116_8_2022-09-22 10:05:52,"(648, 642, 641, 634, 619, 644, 639, 649, 659, 324, 374)","(648, 642, 641, 637, 638, 634, 619, 620, 618, 644, 639)",0.348
37,219026522_1_2022-09-16 16:33:50,"(129, 5, 6, 7, 469, 468, 479, 476, 482, 432, 383)","(129, 120, 5, 87)",0.131
38,219026522_4_2022-09-17 15:19:33,"(655, 650, 619, 620, 618, 643, 639, 659, 678, 519, 233)","(655, 652, 648, 642, 641, 637, 638, 634, 619, 620, 618)",0.311
39,230684000_11_2022-09-19 05:33:51,"(51, 42, 372, 486, 391, 384, 386, 349, 350, 50, 109)","(51, 316, 339, 340, 335, 341, 343, 344, 359, 371, 372)",0.039
40,230684000_14_2022-09-26 04:38:23,"(95, 94, 17, 23, 99, 98, 97, 102, 101, 106, 105)","(95, 94, 17, 23, 99, 98, 97, 102, 101, 106, 105)",0.497
41,230941700_1_2022-09-03 13:46:12,"(268, 267, 632, 633, 606, 616, 663, 661, 658, 656, 651)","(268, 267, 633, 606, 616, 653, 662, 663, 661, 658, 656)",0.31
42,230985000_0_2022-09-04 09:07:57,"(126, 135, 137, 150, 151, 146, 142, 141, 143, 144, 147)","(126, 135, 138, 137, 152, 151, 145, 146, 142, 141, 143)",0.033
43,230985000_1_2022-09-04 22:06:08,"(692, 707, 702, 675, 705, 709, 708, 683, 647, 628, 627)","(692, 693, 707, 702, 675, 681, 705, 709, 708, 683, 647)",0.376
44,231114000_0_2022-09-02 23:26:01,"(61, 60, 24, 93, 18, 95, 94, 17, 23, 99, 98)","(61, 60, 24, 93, 18, 25, 95, 94, 17, 23, 99)",0.52
45,231613000_0_2022-09-03 20:43:51,"(454, 455, 392, 382, 448, 457, 428, 429, 395, 443, 449)","(454, 455, 418, 403, 392, 382, 448, 460, 451, 456, 457)",0.086
46,231613000_19_2022-09-19 11:50:41,"(745, 744, 670, 695, 694, 689, 685, 703, 696, 687, 614)","(745, 724, 722, 686, 695, 694, 689, 688, 682, 701, 704)",0.006
47,231613000_26_2022-09-27 13:37:51,"(392, 382, 448, 460, 456, 457, 428, 429, 443, 449, 465)","(392, 382, 448, 459, 460, 451, 456, 457, 428, 429, 395)",0.051
48,231840000_0_2022-09-20 02:44:43,"(392, 382, 459, 460, 456, 428, 429, 395, 449, 474, 475)","(392, 382, 448, 459, 460, 451, 456, 457, 428, 429, 395)",0.05
49,231840000_4_2022-09-21 18:45:00,"(500, 530, 529, 556, 656, 651, 635, 654, 655, 652, 648)","(500, 499, 502, 530, 529, 528, 556, 657, 658, 656, 651)",0.093
50,231855000_0_2022-09-15 13:45:17,"(93, 18, 95, 94, 17, 23, 99, 98, 97, 103, 102)","(93, 18, 25, 95, 94, 17, 23, 99, 98, 97, 102)",0.354
51,231856000_4_2022-09-10 15:12:03,"(430, 421, 431, 437, 436, 441, 427, 420, 404, 535, 561)","(430, 421, 431, 447, 446, 437, 436, 442, 441, 427, 420)",0.558
52,244060802_0_2022-09-19 16:12:55,"(472, 484, 491, 497, 10, 294, 279, 280, 305, 264, 265)","(472, 477, 484, 491, 497, 10, 498, 295, 294, 279, 281)",0.058
53,244090800_0_2022-09-01 23:26:51,"(418, 392, 382, 459, 451, 428, 429, 395, 449, 465, 475)","(418, 403, 392, 382, 448, 460, 451, 456, 457, 428, 429)",0.089
54,244090800_0_2022-09-01 23:26:51,"(482, 481, 432, 383, 409, 408, 393, 463, 494, 388, 389)","(482, 481, 432, 383, 394, 409, 408, 393, 463, 493, 461)",0.079
55,244090800_4_2022-09-03 08:13:52,"(676, 632, 633, 663, 635, 639, 519, 374, 222, 255, 205)","(676, 671, 625, 613, 632, 633, 606, 616, 653, 662, 663)",0.238
56,244090800_5_2022-09-21 11:15:56,"(151, 145, 146, 142, 141, 143, 144, 147, 148, 125, 130)","(151, 145, 146, 142, 143, 144, 147, 148, 4, 125, 130)",0.06
57,244090800_6_2022-09-22 18:10:00,"(627, 677, 676, 671, 613, 632, 633, 605, 616, 653, 663)","(627, 677, 676, 671, 625, 613, 632, 633, 606, 616, 653)",0.194
58,244150516_1_2022-09-16 18:06:47,"(644, 639, 649, 678, 679, 518, 519, 374, 440, 450, 458)","(644, 639, 659, 678, 679, 601, 518, 519, 516, 440, 450)",0.076
59,244178000_0_2022-09-06 15:57:02,"(117, 123, 122, 121, 124, 138, 137, 152, 151, 145, 146)","(117, 123, 122, 121, 118, 127, 132, 135, 137, 152, 151)",0.045
60,244178000_1_2022-09-07 14:33:40,"(704, 703, 696, 687, 631, 660, 700, 699, 698, 697, 691)","(704, 703, 696, 687, 614, 622, 621, 615, 631, 660, 700)",0.18
61,244178000_1_2022-09-07 14:33:40,"(637, 634, 619, 617, 618, 644, 639, 659, 678, 679, 324)","(637, 638, 634, 619, 620, 618, 644, 639, 659, 678, 679)",0.246
62,244178000_2_2022-09-08 14:26:03,"(123, 122, 121, 124, 137, 152, 145, 146, 142, 141, 143)","(123, 122, 121, 118, 127, 132, 135, 138, 137, 152, 151)",0.057
63,244178000_3_2022-09-10 10:43:50,"(696, 687, 614, 615, 631, 660, 700, 699, 698, 697, 691)","(696, 687, 614, 622, 621, 615, 631, 660, 700, 699, 698)",0.228
64,244178000_3_2022-09-10 10:43:50,"(655, 652, 648, 642, 640, 636, 637, 638, 634, 617, 618)","(655, 652, 648, 642, 641, 637, 638, 634, 619, 620, 618)",0.312
65,244178000_5_2022-09-16 11:40:07,"(294, 279, 280, 306, 298, 299, 300, 8, 117, 123, 122)","(294, 279, 281, 280, 306, 305, 264, 265, 263, 88, 83)",0.2
66,244178000_7_2022-09-19 15:10:02,"(633, 606, 616, 653, 662, 663, 661, 656, 635, 654, 655)","(633, 606, 616, 653, 662, 663, 661, 658, 656, 651, 635)",0.336
67,244234000_0_2022-09-07 22:16:53,"(497, 10, 294, 279, 280, 306, 305, 298, 300, 8, 116)","(497, 10, 294, 279, 281, 280, 306, 305, 264, 265, 263)",0.08
68,244234000_1_2022-09-12 16:54:45,"(629, 666, 665, 672, 674, 694, 689, 685, 701, 704, 703)","(629, 666, 665, 672, 674, 673, 684, 686, 695, 694, 689)",0.427
69,244234000_1_2022-09-12 16:54:45,"(663, 657, 656, 635, 654, 642, 636, 637, 638, 634, 617)","(663, 661, 658, 656, 651, 635, 654, 655, 652, 648, 642)",0.279
70,244850968_15_2022-09-21 09:51:05,"(665, 674, 684, 686, 695, 694, 689, 685, 682, 704, 696)","(665, 672, 674, 673, 684, 686, 695, 694, 689, 688, 682)",0.227
71,244850968_15_2022-09-21 09:51:05,"(635, 641, 634, 619, 617, 618, 644, 639, 659, 678, 679)","(635, 654, 655, 652, 648, 642, 641, 637, 638, 634, 619)",0.274
72,244850968_20_2022-09-28 13:54:34,"(127, 132, 135, 137, 152, 151, 146, 142, 143, 147, 148)","(127, 132, 135, 138, 137, 152, 151, 145, 146, 142, 143)",0.03
73,244850968_23_2022-09-28 22:14:36,"(660, 700, 699, 697, 691, 692, 707, 702, 675, 681, 705)","(660, 700, 699, 698, 697, 691, 690, 693, 707, 702, 675)",0.19
74,244850968_23_2022-09-28 22:14:36,"(518, 519, 233, 553, 226, 277, 275, 274, 3, 283, 293)","(518, 519, 516, 440, 450, 458, 548, 575, 576, 553, 544)",0.055
75,244850968_9_2022-09-13 14:03:29,"(308, 273, 276, 277, 275, 274, 3, 283, 293, 296, 297)","(308, 239, 237)",0.073
76,245088000_0_2022-09-01 08:41:53,"(135, 137, 150, 152, 151, 146, 142, 144, 147, 148, 4)","(135, 137, 152, 151, 145, 146, 142, 141, 143, 144, 147)",0.036
77,245088000_14_2022-09-08 07:46:11,"(455, 418, 392, 382, 459, 460, 456, 428, 429, 395, 449)","(455, 418, 403, 392, 382, 448, 460, 451, 457, 428, 429)",0.076
78,245088000_14_2022-09-08 07:46:11,"(4, 125, 130, 131, 120, 5, 7, 410, 469, 468, 480)","(4, 125, 130, 131, 120, 5, 87)",0.118
79,245088000_22_2022-09-08 23:11:56,"(647, 628, 627, 677, 676, 671, 625, 613, 632, 633, 606)","(647, 628, 627, 677, 676, 671, 625, 613, 632, 633, 606)",0.187
80,245088000_23_2022-09-09 10:37:28,"(19, 61, 60, 24, 93, 18, 95, 94, 17, 23, 99)","(19, 61, 60, 24, 93, 18, 25, 95, 94, 17, 23)",0.516
81,245088000_25_2022-09-15 09:53:34,"(294, 279, 280, 306, 305, 298, 299, 300, 8, 116, 124)","(294, 279, 281, 280, 306, 305, 264, 265, 263, 88, 83)",0.233
82,245088000_28_2022-09-16 02:19:49,"(686, 695, 694, 689, 685, 701, 704, 703, 696, 687, 614)","(686, 695, 694, 689, 688, 682, 701, 704, 703, 696, 687)",0.168
83,245088000_28_2022-09-16 02:19:49,"(658, 656, 651, 635, 655, 650, 642, 641, 636, 637, 638)","(658, 656, 651, 635, 654, 655, 652, 648, 642, 641, 637)",0.206
84,245088000_29_2022-09-16 16:40:52,"(50, 109, 110, 19, 61, 60, 24, 93, 18, 95, 94)","(50, 109, 110, 19, 61, 60, 24, 93, 18, 25, 95)",0.317
85,245088000_31_2022-09-22 21:56:04,"(280, 306, 298, 300, 8, 117, 116, 121, 124, 126, 135)","(280, 306, 305, 264, 265, 263, 88, 83, 62, 268, 267)",0.262
86,245088000_36_2022-09-23 12:59:21,"(694, 701, 704, 703, 696, 591, 660, 700, 699, 698, 697)","(694, 689, 688, 682, 701, 704, 703, 696, 687, 614, 622)",0.127
87,245088000_36_2022-09-23 12:59:21,"(640, 636, 637, 638, 634, 619, 617, 618, 644, 639, 659)","(640, 636, 637, 638, 634, 619, 620, 618, 644, 639, 659)",0.221
88,245088000_39_2022-09-24 19:04:15,"(427, 420, 404, 425, 535, 561, 560, 551, 550, 598, 597)","(427, 420, 404, 426, 425, 110, 19, 61, 60, 24, 93)",0.292
89,245088000_40_2022-09-30 05:40:13,"(143, 144, 147, 148, 4, 125, 130, 131, 120, 5, 7)","(143, 144, 147, 148, 4, 125, 130, 131, 120, 5, 0)",0.063
90,245088000_41_2022-09-30 21:55:15,"(697, 691, 690, 692, 707, 706, 675, 705, 709, 708, 683)","(697, 691, 690, 693, 707, 702, 675, 681, 705, 709, 708)",0.193
91,245088000_8_2022-09-02 02:13:24,"(663, 658, 656, 651, 635, 655, 650, 648, 642, 641, 637)","(663, 661, 658, 656, 651, 635, 654, 655, 652, 648, 642)",0.295
92,245529000_0_2022-09-24 09:06:07,"(472, 330, 333, 336, 9, 161, 160, 158, 15, 183, 184)","(472, 477, 484, 491, 497, 10, 498, 295, 294, 279, 281)",0.036
93,245529000_3_2022-09-26 18:10:18,"(637, 638, 634, 617, 618, 639, 659, 679, 601, 518, 519)","(637, 638, 634, 619, 620, 618, 644, 639, 659, 678, 679)",0.265
94,245570000_10_2022-09-21 09:35:00,"(151, 141, 147, 4, 125, 130, 131, 120, 5, 6, 7)","(151, 145, 146, 142, 143, 144, 147, 148, 4, 125, 130)",0.043
95,245570000_11_2022-09-22 02:09:45,"(702, 675, 705, 709, 708, 683, 627, 677, 676, 671, 625)","(702, 675, 681, 705, 709, 708, 683, 647, 628, 627, 677)",0.443
96,245570000_13_2022-09-28 10:09:55,"(316, 313, 454, 455, 382, 448, 457, 10, 306, 305, 298)","(316, 339, 340, 335, 341, 343, 344, 359, 371, 372, 485)",0.196
97,245570000_14_2022-09-28 19:48:42,"(696, 591, 631, 660, 697, 691, 692, 693, 707, 702, 675)","(696, 687, 614, 622, 621, 615, 631, 660, 700, 699, 698)",0.223
98,245570000_1_2022-09-01 01:58:13,"(674, 684, 686, 695, 694, 689, 685, 701, 704, 703, 696)","(674, 673, 684, 686, 695, 694, 689, 688, 682, 701, 704)",0.15
99,245570000_1_2022-09-01 01:58:13,"(661, 657, 780, 781, 782, 788, 802, 803, 785, 810, 805)","(661, 658, 656, 651, 635, 654, 655, 652, 648, 642, 641)",0.213
100,245570000_4_2022-09-07 10:03:02,"(300, 8, 117, 123, 122, 121, 124, 138, 137, 152, 151)","(300, 8, 116, 123, 122, 121, 118, 127, 132, 135, 137)",0.052
101,245570000_5_2022-09-08 01:56:35,"(705, 709, 708, 683, 627, 677, 676, 671, 612, 613, 632)","(705, 709, 708, 683, 647, 628, 627, 677, 676, 671, 625)",0.396
102,245570000_7_2022-09-14 10:34:23,"(448, 443, 475, 472, 477, 498, 10, 294, 279, 280, 306)","(448, 459, 460, 451, 456, 457, 428, 429, 395, 443, 449)",0.041
103,245570000_8_2022-09-15 02:00:00,"(688, 682, 704, 703, 696, 687, 631, 660, 700, 691, 692)","(688, 682, 701, 704, 703, 696, 687, 614, 622, 621, 615)",0.131
104,245952000_33_2022-09-25 18:27:38,"(61, 60, 24, 93, 18, 25, 95, 94, 17, 23, 99)","(61, 60, 24, 93, 18, 25, 95, 94, 17, 23, 99)",0.527
105,246188000_0_2022-09-01 19:23:43,"(117, 123, 122, 121, 124, 138, 137, 151, 142, 143, 144)","(117, 123, 122, 121, 118, 124, 127, 132, 135, 138, 137)",0.046
106,246483000_0_2022-09-08 02:13:48,"(189, 192, 372, 486, 357, 353, 349, 350, 50, 109, 19)","(189, 192, 191, 204, 240, 304, 313, 454, 455, 418, 403)",0.056
107,246483000_16_2022-09-22 17:34:51,"(676, 671, 612, 632, 633, 663, 658, 656, 651, 635, 655)","(676, 671, 625, 613, 632, 633, 606, 616, 653, 662, 663)",0.267
108,246483000_5_2022-09-21 09:46:23,"(392, 382, 459, 451, 457, 428, 429, 395, 449, 465, 475)","(392, 382, 448, 460, 456, 457, 428, 429, 395, 443, 449)",0.05
109,246483000_5_2022-09-21 09:46:23,"(479, 476, 481, 432, 383, 409, 463, 494, 388, 389, 362)","(479, 476, 482, 481, 432, 383, 394, 409, 408, 393, 463)",0.133
110,246518000_0_2022-09-04 01:28:41,"(121, 124, 126, 135, 137, 151, 146, 141, 143, 144, 147)","(121, 118, 124, 127, 132, 135, 138, 137, 152, 151, 145)",0.023
111,246518000_12_2022-09-05 07:39:12,"(683, 647, 677, 633, 616, 663, 107, 78, 79, 56, 55)","(683, 647, 628, 627, 677, 676, 671, 625, 613, 632, 633)",0.262
112,246668000_21_2022-09-25 19:05:43,"(523, 522, 524, 525, 532, 531, 521, 520, 517, 527, 526)","(523, 522, 524, 525, 532, 531, 521, 520, 517, 527, 526)",0.641
113,255739000_0_2022-09-01 00:00:09,"(484, 334, 331, 330, 333, 336, 9, 161, 160, 158, 15)","(484, 491, 497, 10, 294, 279, 281, 280, 306, 305, 264)",0.023
114,255739000_3_2022-09-01 19:58:02,"(636, 637, 638, 634, 619, 617, 618, 643, 644, 639, 659)","(636, 637, 638, 634, 619, 620, 618, 644, 639, 659, 678)",0.245
115,255739000_4_2022-09-26 03:15:19,"(15, 183, 184, 185, 186, 16, 167, 168, 33, 175, 174)","(15, 183, 184, 185, 186, 16, 167, 168, 175, 174, 180)",0.389
116,255769000_16_2022-09-05 16:08:36,"(115, 271, 286, 302, 218, 359, 371, 91, 22, 454, 455)","(115, 269, 241, 92, 59)",0.044
117,255801540_0_2022-09-29 22:28:49,"(44, 313, 455, 418, 403, 392, 382, 448, 460, 456, 428)","(44, 315, 314, 312, 313, 454, 455, 418, 403, 392, 382)",0.048
118,255801540_0_2022-09-29 22:28:49,"(143, 147, 4, 0, 130, 129, 5, 468, 432, 383, 409)","(143, 144, 147, 148, 4, 125, 130, 131, 120, 5, 87)",0.06
119,255801540_1_2022-09-30 08:57:59,"(671, 613, 633, 606, 616, 663, 661, 657, 636, 617, 639)","(671, 625, 613, 632, 633, 606, 616, 653, 662, 663, 661)",0.235
120,255802840_2_2022-09-04 11:57:00,"(522, 524, 525, 532, 531, 521, 517, 527, 526, 537, 536)","(522, 524, 525, 532, 531, 521, 520, 517, 527, 526, 537)",0.582
121,255805788_0_2022-09-14 21:51:03,"(456, 428, 429, 395, 449, 474, 475, 473, 472, 477, 484)","(456, 457, 428, 429, 395, 443, 449, 465, 475, 473, 472)",0.176
122,255805788_0_2022-09-14 21:51:03,"(130, 131, 120, 5, 6, 7, 468, 479, 476, 482, 432)","(130, 131, 120, 5, 87)",0.193
123,255805788_2_2022-09-15 13:19:12,"(683, 677, 676, 671, 612, 632, 633, 663, 657, 656, 635)","(683, 647, 628, 627, 677, 676, 671, 625, 613, 632, 633)",0.306
124,255805880_0_2022-09-09 10:26:56,"(96, 29, 65, 75, 74, 67, 69, 68, 66, 77, 76)","(96, 29, 65, 75, 74, 67, 69, 68, 66, 77, 76)",0.855
125,255805881_0_2022-09-20 16:51:00,"(50, 109, 20, 60, 24, 93, 18, 25, 95, 94, 17)","(50, 109, 110, 19, 61, 60, 24, 93, 18, 25, 95)",0.336
126,255805881_4_2022-09-22 17:13:02,"(424, 423, 419, 445, 444, 430, 421, 431, 446, 437, 436)","(424, 423, 419, 444, 430, 421, 431, 447, 446, 437, 436)",0.415
127,255805881_4_2022-09-22 21:03:18,"(160, 158, 15, 183, 184, 185, 186, 16, 167, 168, 33)","(160, 156, 15, 183, 184, 185, 186, 16, 167, 168, 175)",0.36
128,255805907_0_2022-09-21 22:38:08,"(382, 459, 451, 457, 428, 429, 395, 449, 465, 474, 475)","(382, 448, 460, 451, 456, 457, 428, 429, 395, 443, 449)",0.049
129,255805907_4_2022-09-22 18:25:58,"(527, 526, 537, 536, 533, 499, 529, 556, 658, 656, 651)","(527, 526, 537, 536, 533, 515, 504, 505, 266, 299, 300)",0.137
130,255805908_0_2022-09-07 21:27:34,"(449, 474, 472, 491, 497, 334, 331, 330, 333, 336, 9)","(449, 465, 475, 473, 472, 477, 484, 491, 497, 10, 294)",0.052
131,255805908_2_2022-09-08 18:14:27,"(656, 651, 635, 654, 655, 650, 642, 641, 637, 634, 619)","(656, 651, 635, 654, 655, 652, 648, 642, 641, 637, 638)",0.19
132,255805937_0_2022-09-01 18:28:42,"(123, 122, 121, 124, 126, 135, 137, 151, 145, 146, 142)","(123, 122, 121, 118, 127, 132, 135, 137, 152, 151, 145)",0.051
133,255805937_10_2022-09-16 08:45:52,"(691, 692, 693, 707, 675, 681, 705, 709, 708, 683, 628)","(691, 690, 693, 707, 702, 675, 681, 705, 709, 708, 683)",0.175
134,255805937_12_2022-09-22 10:41:06,"(460, 456, 457, 428, 429, 443, 449, 475, 473, 472, 477)","(460, 451, 456, 457, 428, 429, 395, 443, 449, 465, 475)",0.079
135,255805937_12_2022-09-22 10:41:06,"(7, 410, 468, 481, 432, 383, 394, 409, 393, 463, 494)","(7, 410, 469, 468, 479, 476, 482, 481, 432, 383, 394)",0.11
136,255805937_15_2022-09-23 04:37:18,"(708, 683, 628, 627, 677, 676, 632, 633, 663, 656, 635)","(708, 683, 647, 628, 627, 677, 676, 671, 625, 613, 632)",0.303
137,255805937_17_2022-09-29 04:41:11,"(472, 477, 10, 298, 299, 300, 8, 116, 127, 132, 135)","(472, 477, 484, 491, 497, 10, 498, 295, 294, 279, 281)",0.05
138,255805937_3_2022-09-02 20:12:55,"(631, 699, 698, 697, 691, 692, 707, 702, 675, 681, 705)","(631, 660, 700, 699, 698, 697, 691, 690, 692, 693, 707)",0.225
139,255805937_5_2022-09-08 07:34:37,"(392, 382, 448, 457, 428, 429, 443, 449, 465, 474, 475)","(392, 382, 448, 460, 451, 457, 428, 429, 395, 443, 449)",0.043
140,255805937_5_2022-09-08 07:34:37,"(125, 130, 131, 120, 5, 7, 469, 468, 479, 476, 481)","(125, 130, 131, 120, 5, 87)",0.179
141,255805937_7_2022-09-09 06:36:33,"(683, 628, 627, 677, 633, 606, 616, 663, 658, 656, 651)","(683, 647, 628, 627, 677, 676, 671, 625, 613, 632, 633)",0.318
142,255805937_9_2022-09-15 03:15:25,"(477, 497, 498, 295, 306, 299, 300, 8, 117, 122, 121)","(477, 484, 491, 497, 10, 498, 295, 294, 279, 281, 280)",0.056
143,255805984_0_2022-09-04 07:08:47,"(22, 418, 403, 392, 382, 459, 451, 457, 428, 429, 395)","(22, 403, 392, 382, 448, 460, 451, 456, 457, 428, 429)",0.05
144,255805984_0_2022-09-04 07:08:47,"(144, 147, 148, 4, 0, 130, 131, 120, 5, 6, 7)","(144, 147, 148, 4, 125, 130, 131, 120, 5, 87)",0.064
145,255805984_12_2022-09-05 11:20:30,"(671, 625, 613, 632, 633, 605, 616, 653, 661, 657, 783)","(671, 625, 613, 632, 633, 606, 616, 653, 662, 663, 661)",0.217
146,255805984_17_2022-09-11 10:01:24,"(472, 484, 491, 497, 10, 295, 279, 281, 306, 299, 300)","(472, 477, 484, 491, 497, 10, 498, 295, 294, 279, 281)",0.058
147,255805984_32_2022-09-12 07:46:28,"(666, 665, 672, 674, 673, 684, 686, 695, 689, 688, 682)","(666, 665, 672, 674, 673, 684, 686, 695, 694, 689, 688)",0.331
148,255805984_33_2022-09-12 14:37:32,"(642, 641, 637, 634, 619, 620, 618, 643, 644, 639, 649)","(642, 641, 637, 638, 634, 619, 620, 618, 644, 639, 649)",0.182
149,255805984_34_2022-09-18 19:35:57,"(300, 8, 117, 123, 122, 121, 124, 126, 132, 135, 137)","(300, 8, 116, 123, 122, 121, 118, 127, 132, 135, 137)",0.048
150,255805984_39_2022-09-19 14:10:37,"(688, 685, 701, 704, 703, 696, 591, 660, 700, 699, 698)","(688, 682, 701, 704, 703, 696, 687, 614, 622, 621, 615)",0.136
151,255805984_41_2022-09-25 09:07:59,"(302, 309, 321, 322, 313, 454, 455, 418, 392, 382, 448)","(302, 316, 339, 340, 335, 341, 343, 344, 359, 371, 372)",0.045
152,255805984_41_2022-09-25 09:07:59,"(151, 145, 146, 143, 144, 147, 148, 4, 0, 130, 131)","(151, 145, 146, 142, 143, 144, 147, 148, 4, 125, 130)",0.041
153,255805984_43_2022-09-26 10:30:40,"(697, 691, 692, 693, 707, 706, 702, 675, 681, 705, 709)","(697, 691, 690, 693, 707, 702, 675, 681, 705, 709, 708)",0.188
154,255806123_0_2022-09-07 06:26:53,"(42, 372, 486, 357, 353, 350, 50, 109, 110, 19, 61)","(42, 372, 485, 486, 478, 391, 384, 386, 387, 385, 381)",0.032
155,255806123_3_2022-09-21 08:04:40,"(61, 60, 24, 93, 18, 25, 95, 94, 17, 23, 99)","(61, 60, 24, 93, 18, 25, 95, 94, 17, 23, 99)",0.501
156,255806139_0_2022-09-21 02:46:25,"(474, 475, 472, 484, 334, 331, 330, 333, 336, 9, 161)","(474, 475, 473, 472, 477, 484, 491, 497, 10, 498, 295)",0.071
157,255806289_0_2022-09-07 17:06:59,"(44, 314, 312, 313, 22, 418, 403, 392, 382, 459, 460)","(44, 315, 314, 312, 313, 454, 455, 418, 403, 392, 382)",0.062
158,255806289_5_2022-09-08 23:28:10,"(522, 524, 525, 532, 531, 521, 520, 517, 527, 526, 537)","(522, 524, 525, 532, 531, 521, 520, 517, 527, 526, 537)",0.601
159,255806370_0_2022-09-15 05:19:14,"(337, 336, 9, 161, 160, 158, 15, 183, 184, 185, 186)","(337, 336, 9, 161, 160, 156, 15, 183, 184, 185, 186)",0.321
160,255806370_10_2022-09-24 00:16:47,"(429, 395, 449, 474, 491, 497, 334, 330, 333, 336, 9)","(429, 395, 443, 449, 465, 475, 473, 472, 477, 484, 491)",0.096
161,255806370_11_2022-09-24 10:16:13,"(528, 556, 635, 619, 620, 618, 643, 644, 639, 649, 659)","(528, 556, 657, 656, 651, 635, 654, 655, 652, 648, 642)",0.073
162,255806370_17_2022-09-29 19:17:45,"(395, 449, 474, 472, 491, 497, 334, 331, 330, 333, 336)","(395, 443, 449, 465, 475, 473, 472, 477, 484, 491, 497)",0.095
163,255806370_18_2022-09-30 18:28:51,"(678, 679, 86, 357, 353, 349, 350, 50, 109, 110, 19)","(678, 679, 601, 518, 519, 516, 440, 450, 458, 548, 575)",0.14
164,255806370_1_2022-09-16 06:47:42,"(655, 650, 642, 641, 637, 634, 619, 617, 618, 644, 639)","(655, 652, 648, 642, 641, 637, 638, 634, 619, 620, 618)",0.362
165,255806370_7_2022-09-17 16:25:01,"(420, 404, 426, 425, 535, 561, 560, 551, 550, 598, 597)","(420, 404, 426, 425, 110, 19, 61, 60, 24, 93, 18)",0.295
166,255806471_0_2022-09-19 11:30:52,"(457, 428, 429, 443, 449, 465, 475, 473, 472, 484, 334)","(457, 428, 429, 395, 443, 449, 465, 475, 473, 472, 477)",0.157
167,255806508_0_2022-09-03 11:28:38,"(196, 315, 314, 22, 403, 392, 382, 459, 460, 456, 457)","(196, 315, 314, 312, 313, 454, 455, 418, 403, 392, 382)",0.085
168,255806508_11_2022-09-06 18:47:55,"(616, 653, 662, 663, 635, 654, 655, 652, 650, 642, 641)","(616, 653, 662, 663, 661, 658, 656, 651, 635, 654, 655)",0.407
169,255806508_12_2022-09-11 18:02:57,"(305, 299, 300, 8, 117, 123, 122, 121, 124, 126, 132)","(305, 264, 265, 263, 88, 83, 62, 268, 267, 633, 606)",0.3
170,255806508_21_2022-09-12 12:36:08,"(694, 689, 685, 701, 704, 703, 696, 687, 614, 622, 615)","(694, 689, 688, 682, 701, 704, 703, 696, 687, 614, 622)",0.144
171,255806508_21_2022-09-12 12:36:08,"(635, 654, 655, 652, 648, 642, 636, 637, 638, 634, 619)","(635, 654, 655, 652, 648, 642, 641, 637, 638, 634, 619)",0.287
172,255806508_26_2022-09-14 04:58:23,"(619, 620, 618, 643, 644, 639, 649, 659, 519, 458, 301)","(619, 620, 618, 644, 639, 659, 678, 679, 601, 518, 519)",0.154
173,255806508_27_2022-09-18 20:19:48,"(126, 135, 137, 150, 151, 145, 146, 142, 141, 143, 144)","(126, 135, 138, 137, 152, 151, 145, 146, 142, 141, 143)",0.037
174,255806508_30_2022-09-19 10:52:47,"(702, 675, 681, 709, 708, 683, 627, 677, 676, 671, 612)","(702, 675, 681, 705, 709, 708, 683, 647, 628, 627, 677)",0.455
175,255806508_34_2022-09-26 09:50:54,"(395, 449, 491, 497, 10, 294, 279, 280, 306, 305, 300)","(395, 443, 449, 465, 475, 473, 472, 477, 484, 491, 497)",0.087
176,255806508_34_2022-09-26 09:50:54,"(481, 432, 383, 394, 409, 393, 463, 493, 461, 462, 388)","(481, 432, 383, 394, 409, 408, 393, 463, 493, 461, 462)",0.099
177,255806508_36_2022-09-27 01:10:10,"(613, 632, 633, 605, 616, 653, 662, 663, 661, 657, 780)","(613, 632, 633, 606, 616, 653, 662, 663, 661, 658, 656)",0.405
178,255806508_5_2022-09-05 23:49:50,"(10, 294, 279, 280, 306, 305, 298, 300, 8, 122, 127)","(10, 294, 279, 281, 280, 306, 305, 264, 265, 263, 88)",0.051
179,255915000_0_2022-09-16 11:40:54,"(418, 392, 382, 448, 443, 449, 465, 475, 472, 484, 491)","(418, 403, 392, 382, 448, 460, 451, 456, 457, 428, 429)",0.089
180,255915000_13_2022-09-25 02:13:50,"(286, 287, 302, 218, 371, 372, 485, 486, 357, 550, 353)","(286, 287, 316, 339, 340, 335, 341, 343, 344, 359, 371)",0.023
181,257035870_12_2022-09-06 12:40:32,"(440, 450, 458, 165, 169, 198, 14, 22, 10, 279, 265)","(440, 450, 458, 548, 575, 576, 553, 544, 545, 543, 546)",0.174
182,257035870_13_2022-09-11 05:12:29,"(101, 106, 105, 100, 96, 29, 65, 75, 74, 67, 69)","(101, 106, 105, 100, 96, 29, 65, 75, 74, 67, 69)",0.589
183,257035870_15_2022-09-11 13:18:02,"(561, 551, 550, 91, 22, 455, 382, 448, 457, 428, 429)","(561, 560, 350, 50, 109, 110, 19, 61, 60, 24, 93)",0.271
184,257035870_21_2022-09-13 16:41:41,"(357, 550, 353, 350, 50, 109, 19, 61, 20, 60, 24)","(357, 353, 349, 350, 50, 109, 110, 19, 61, 60, 24)",0.398
185,257035870_28_2022-09-18 10:24:44,"(443, 449, 475, 473, 472, 477, 498, 10, 279, 281, 280)","(443, 449, 465, 475, 473, 472, 477, 484, 491, 497, 10)",0.091
186,257036300_0_2022-09-20 02:56:13,"(280, 298, 299, 300, 8, 117, 123, 122, 121, 124, 138)","(280, 306, 305, 264, 265, 263, 88, 83, 62, 268, 267)",0.279
187,257036300_2_2022-09-21 09:12:11,"(686, 694, 689, 688, 682, 701, 704, 703, 696, 591, 631)","(686, 695, 694, 689, 688, 682, 701, 704, 703, 696, 687)",0.175
188,257036300_2_2022-09-21 09:12:11,"(655, 650, 642, 641, 637, 638, 634, 619, 617, 618, 644)","(655, 652, 648, 642, 641, 637, 638, 634, 619, 620, 618)",0.325
189,257056010_11_2022-09-03 11:59:31,"(635, 655, 634, 619, 644, 639, 649, 678, 519, 233, 226)","(635, 654, 655, 652, 648, 642, 641, 637, 638, 634, 619)",0.272
190,257064430_0_2022-09-16 22:25:08,"(183, 184, 185, 186, 16, 167, 168, 33, 175, 180, 181)","(183, 184, 185, 186, 16, 167, 168, 175, 174, 180, 182)",0.366
191,257066860_0_2022-09-16 17:35:26,"(314, 312, 313, 455, 418, 392, 382, 448, 460, 456, 428)","(314, 312, 313, 454, 455, 418, 403, 392, 382, 448, 459)",0.072
192,257066860_35_2022-09-18 23:12:07,"(617, 618, 644, 639, 649, 678, 601, 519, 516, 440, 458)","(617, 618, 644, 639, 659, 678, 679, 601, 518, 519, 516)",0.184
193,257076850_11_2022-09-15 14:07:08,"(448, 460, 456, 457, 428, 429, 395, 449, 474, 472, 484)","(448, 459, 460, 451, 456, 457, 428, 429, 395, 443, 449)",0.054
194,257076850_18_2022-09-16 14:22:51,"(655, 652, 648, 642, 641, 637, 634, 619, 620, 618, 643)","(655, 652, 648, 642, 641, 637, 638, 634, 619, 620, 618)",0.321
195,257088370_0_2022-09-02 06:14:06,"(457, 428, 429, 443, 449, 475, 10, 298, 299, 300, 8)","(457, 428, 429, 395, 443, 449, 465, 475, 473, 472, 477)",0.151
196,257088370_3_2022-09-02 21:44:03,"(694, 688, 703, 687, 591, 631, 660, 698, 697, 691, 690)","(694, 689, 688, 682, 701, 704, 703, 696, 687, 614, 622)",0.117
197,257088370_3_2022-09-02 21:44:03,"(634, 619, 620, 618, 643, 644, 639, 649, 678, 679, 601)","(634, 619, 620, 618, 644, 639, 659, 678, 679, 601, 518)",0.215
198,257088370_4_2022-09-14 22:35:40,"(476, 432, 383, 409, 408, 393, 461, 388, 389, 361, 362)","(476, 482, 481, 432, 383, 394, 409, 408, 393, 463, 494)",0.089
199,257088370_6_2022-09-15 14:50:01,"(644, 639, 649, 678, 679, 440, 575, 325, 308, 166, 164)","(644, 639, 659, 678, 679, 601, 518, 519, 516, 440, 450)",0.07
200,257114000_4_2022-09-02 21:41:37,"(445, 444, 430, 421, 431, 447, 437, 436, 442, 441, 427)","(445, 444, 430, 421, 431, 447, 446, 437, 436, 442, 441)",0.583
201,257114000_5_2022-09-05 03:37:48,"(10, 295, 279, 281, 306, 299, 300, 8, 116, 122, 121)","(10, 294, 279, 281, 280, 306, 305, 264, 265, 263, 88)",0.058
202,257114000_8_2022-09-06 11:25:40,"(704, 703, 696, 591, 660, 700, 699, 698, 697, 691, 690)","(704, 703, 696, 687, 614, 622, 621, 615, 631, 660, 700)",0.187
203,257114000_8_2022-09-06 11:25:40,"(641, 634, 619, 620, 618, 643, 644, 639, 649, 678, 679)","(641, 637, 638, 634, 619, 620, 618, 644, 639, 659, 678)",0.253
204,257207000_20_2022-09-04 12:28:21,"(522, 524, 525, 532, 531, 521, 520, 517, 527, 536, 533)","(522, 524, 525, 532, 531, 521, 520, 517, 527, 526, 537)",0.572
205,257385000_0_2022-09-24 23:54:34,"(14, 44, 314, 313, 455, 382, 448, 443, 449, 477, 484)","(14, 195, 196, 315, 314, 312, 313, 454, 455, 418, 403)",0.034
206,257477000_16_2022-09-26 04:14:18,"(8, 116, 123, 122, 121, 118, 124, 126, 135, 138, 137)","(8, 116, 123, 122, 121, 118, 127, 132, 135, 138, 137)",0.047
207,257477000_18_2022-09-26 17:51:31,"(698, 697, 691, 690, 692, 675, 681, 705, 709, 708, 683)","(698, 697, 691, 690, 692, 693, 707, 702, 675, 681, 705)",0.18
208,257477000_4_2022-09-05 18:28:50,"(411, 413, 412, 407, 416, 415, 397, 398, 406, 405, 396)","(411, 413, 412, 407, 416, 415, 397, 398, 406, 405, 396)",0.807
209,257477000_6_2022-09-13 14:09:11,"(451, 456, 457, 428, 429, 443, 475, 472, 477, 484, 491)","(451, 456, 457, 428, 429, 395, 443, 449, 465, 475, 473)",0.113
210,257653000_0_2022-09-01 08:48:09,"(306, 305, 300, 8, 116, 122, 121, 118, 127, 132, 135)","(306, 305, 264, 265, 263, 88, 83, 62, 268, 267, 633)",0.498
211,257653000_12_2022-09-10 15:29:58,"(695, 689, 688, 682, 704, 703, 696, 621, 615, 631, 503)","(695, 694, 689, 688, 682, 701, 704, 703, 696, 687, 614)",0.122
212,257653000_12_2022-09-10 15:29:58,"(618, 644, 639, 659, 678, 217, 203, 257, 255, 232, 205)","(618, 644, 639, 659, 678, 679, 601, 518, 519, 516, 44)",0.082
213,257653000_13_2022-09-12 08:47:39,"(137, 150, 151, 145, 148, 0, 6, 7, 468, 482, 383)","(137, 152, 151, 145, 146, 142, 141, 143, 144, 147, 148)",0.046
214,257653000_14_2022-09-13 15:27:35,"(647, 628, 677, 625, 613, 632, 633, 606, 616, 663, 657)","(647, 628, 627, 677, 676, 671, 625, 613, 632, 633, 606)",0.188
215,257653000_15_2022-09-15 09:05:52,"(429, 395, 449, 474, 472, 491, 497, 10, 294, 279, 281)","(429, 395, 443, 449, 465, 475, 473, 472, 477, 484, 491)",0.112
216,257653000_15_2022-09-15 09:05:52,"(469, 468, 479, 482, 383, 409, 408, 393, 463, 493, 461)","(469, 468, 479, 476, 482, 481, 432, 383, 394, 409, 408)",0.111
217,257653000_18_2022-09-17 14:21:28,"(632, 633, 616, 653, 663, 658, 656, 651, 635, 655, 650)","(632, 633, 606, 616, 653, 662, 663, 661, 658, 656, 651)",0.363
218,257653000_19_2022-09-19 08:43:14,"(116, 122, 121, 118, 124, 126, 138, 137, 150, 151, 145)","(116, 123, 122, 121, 118, 127, 132, 135, 137, 152, 151)",0.033
219,257653000_22_2022-09-20 14:52:31,"(692, 707, 702, 675, 705, 709, 708, 683, 628, 677, 671)","(692, 693, 707, 702, 675, 681, 705, 709, 708, 683, 647)",0.354
220,257653000_23_2022-09-22 08:42:42,"(459, 451, 428, 429, 395, 449, 465, 475, 498, 10, 294)","(459, 460, 451, 456, 457, 428, 429, 395, 443, 449, 465)",0.062
221,257653000_23_2022-09-22 08:42:42,"(410, 469, 468, 482, 432, 383, 409, 408, 393, 463, 461)","(410, 469, 468, 479, 476, 482, 481, 432, 383, 394, 409)",0.076
222,257653000_26_2022-09-24 14:26:39,"(605, 616, 653, 662, 663, 658, 656, 651, 635, 654, 655)","(605, 606, 616, 653, 662, 663, 661, 658, 656, 651, 635)",0.449
223,257653000_27_2022-09-26 08:38:45,"(472, 484, 498, 10, 294, 279, 281, 280, 305, 299, 300)","(472, 477, 484, 491, 497, 10, 498, 295, 294, 279, 281)",0.051
224,257653000_27_2022-09-26 08:38:45,"(383, 409, 408, 393, 463, 461, 603, 602, 541, 495, 496)","(383, 394, 409, 408, 393, 463, 493, 461, 462, 593, 592)",0.069
225,257653000_29_2022-09-27 14:39:21,"(663, 658, 656, 651, 635, 654, 655, 652, 648, 642, 636)","(663, 661, 658, 656, 651, 635, 654, 655, 652, 648, 642)",0.297
226,257653000_30_2022-09-29 08:42:04,"(8, 122, 121, 118, 124, 126, 135, 137, 152, 151, 145)","(8, 116, 123, 122, 121, 118, 127, 132, 135, 138, 137)",0.052
227,257653000_3_2022-09-03 15:58:25,"(698, 691, 692, 693, 707, 675, 705, 709, 708, 683, 628)","(698, 697, 691, 690, 692, 693, 707, 702, 675, 681, 705)",0.212
228,257653000_4_2022-09-05 08:44:54,"(451, 457, 428, 429, 395, 449, 474, 475, 472, 477, 10)","(451, 456, 457, 428, 429, 395, 443, 449, 465, 475, 473)",0.101
229,257653000_4_2022-09-05 08:44:54,"(120, 5, 7, 410, 469, 468, 480, 476, 481, 432, 383)","(120, 5, 87)",0.206
230,257653000_8_2022-09-06 14:58:17,"(605, 653, 661, 656, 635, 654, 655, 652, 648, 642, 640)","(605, 606, 616, 653, 662, 663, 661, 658, 656, 651, 635)",0.458
231,257653000_9_2022-09-08 08:47:09,"(295, 279, 280, 306, 305, 298, 300, 8, 116, 122, 121)","(295, 294, 279, 281, 280, 306, 305, 264, 265, 263, 88)",0.15
232,257682000_1_2022-09-19 13:48:39,"(60, 24, 93, 18, 95, 94, 17, 23, 99, 98, 97)","(60, 24, 93, 18, 25, 95, 94, 17, 23, 99, 98)",0.598
233,257698000_9_2022-09-24 23:03:34,"(648, 642, 641, 637, 634, 619, 620, 618, 643, 644, 639)","(648, 642, 641, 637, 638, 634, 619, 620, 618, 644, 639)",0.32
234,257870000_0_2022-09-10 01:20:55,"(162, 256, 290, 307, 338, 316, 195, 44, 314, 312, 313)","(162, 326, 343, 344, 359, 371, 372, 485, 486, 478, 391)",0.06
235,257966000_0_2022-09-11 08:54:26,"(392, 382, 459, 451, 457, 428, 429, 443, 810, 805, 806)","(392, 382, 448, 460, 451, 457, 428, 429, 395, 443, 449)",0.04
236,257966000_1_2022-09-11 13:42:29,"(432, 383, 394, 409, 463, 494, 493, 512, 602, 541, 540)","(432, 383, 394, 409, 408, 393, 463, 493, 461, 462, 593)",0.088
237,257966000_4_2022-09-14 09:50:30,"(653, 662, 663, 658, 656, 651, 635, 642, 641, 637, 638)","(653, 662, 663, 661, 658, 656, 651, 635, 654, 655, 652)",0.318
238,257969000_2_2022-09-21 06:00:20,"(663, 661, 657, 656, 635, 654, 655, 652, 648, 642, 640)","(663, 661, 658, 656, 651, 635, 654, 655, 652, 648, 642)",0.284
239,257969000_4_2022-09-21 14:12:11,"(421, 431, 447, 446, 437, 436, 441, 427, 420, 404, 426)","(421, 431, 447, 446, 437, 436, 442, 441, 427, 420, 404)",0.57
240,258003290_4_2022-09-20 01:06:00,"(643, 644, 639, 649, 678, 679, 324, 440, 458, 548, 308)","(643, 644, 639, 659, 678, 679, 601, 518, 519, 516, 44)",0.132
241,258210000_0_2022-09-27 00:15:14,"(286, 302, 218, 359, 371, 372, 485, 486, 357, 353, 349)","(286, 287, 302, 316, 339, 340, 335, 341, 343, 344, 359)",0.017
242,258373000_0_2022-09-06 16:30:28,"(316, 313, 22, 455, 418, 403, 392, 382, 459, 460, 456)","(316, 339, 340, 335, 341, 343, 344, 359, 371, 372, 485)",0.221
243,258373000_56_2022-09-20 07:55:05,"(144, 147, 148, 4, 0, 130, 129, 5, 7, 469, 468)","(144, 147, 148, 4, 125, 130, 131, 120, 5, 87)",0.071
244,258373000_7_2022-09-15 01:23:11,"(121, 124, 135, 138, 137, 151, 146, 141, 143, 144, 147)","(121, 118, 127, 132, 135, 137, 152, 151, 145, 146, 142)",0.027
245,258598000_18_2022-09-16 11:08:22,"(703, 696, 591, 631, 660, 700, 699, 698, 697, 691, 690)","(703, 696, 687, 614, 622, 621, 615, 631, 660, 700, 699)",0.193
246,258598000_18_2022-09-16 11:08:22,"(620, 618, 643, 644, 639, 649, 659, 678, 679, 217, 549)","(620, 618, 644, 639, 659, 678, 679, 601, 518, 519, 516)",0.181
247,258598000_21_2022-09-28 07:11:26,"(185, 186, 16, 167, 168, 33, 175, 174, 180, 181, 178)","(185, 186, 16, 167, 168, 175, 174, 180, 182, 181, 178)",0.424
248,258598000_22_2022-09-28 18:22:40,"(130, 5, 7, 469, 468, 479, 476, 482, 481, 432, 383)","(130, 131, 120, 5, 87)",0.189
249,258598000_26_2022-09-30 12:11:01,"(635, 655, 650, 648, 642, 640, 636, 637, 638, 634, 619)","(635, 654, 655, 652, 648, 642, 641, 637, 638, 634, 619)",0.267
250,258598000_8_2022-09-02 11:14:40,"(709, 708, 683, 647, 628, 676, 612, 613, 632, 633, 606)","(709, 708, 683, 647, 628, 627, 677, 676, 671, 625, 613)",0.332
251,258598000_9_2022-09-14 01:17:39,"(457, 10, 295, 279, 306, 299, 300, 8, 117, 116, 122)","(457, 428, 429, 395, 443, 449, 465, 475, 473, 472, 477)",0.151
252,258648000_0_2022-09-12 20:19:55,"(460, 456, 457, 428, 429, 443, 449, 475, 10, 330, 333)","(460, 451, 457, 428, 429, 395, 443, 449, 465, 475, 473)",0.08
253,258648000_2_2022-09-13 17:09:09,"(634, 619, 620, 618, 639, 659, 678, 679, 324, 440, 458)","(634, 619, 620, 618, 644, 639, 659, 678, 679, 601, 518)",0.191
254,258709000_0_2022-09-09 22:40:56,"(191, 204, 304, 313, 22, 403, 392, 382, 448, 460, 456)","(191, 204, 240, 304, 313, 454, 455, 418, 403, 392, 382)",0.099
255,258709000_0_2022-09-09 22:40:56,"(146, 142, 144, 147, 148, 4, 125, 130, 120, 5, 7)","(146, 142, 141, 143, 144, 147, 148, 4, 125, 130, 131)",0.082
256,258709000_10_2022-09-27 21:25:12,"(436, 442, 441, 427, 404, 425, 535, 561, 560, 551, 550)","(436, 442, 441, 427, 420, 404, 426, 425, 110, 19, 61)",0.333
257,258709000_2_2022-09-10 14:58:31,"(612, 613, 632, 633, 606, 616, 653, 662, 663, 657, 656)","(612, 613, 632, 633, 606, 616, 653, 662, 663, 661, 658)",0.352
258,258709000_3_2022-09-26 22:54:00,"(60, 24, 93, 18, 95, 94, 17, 23, 99, 98, 97)","(60, 24, 93, 18, 25, 95, 94, 17, 23, 99, 98)",0.618
259,258725000_1_2022-09-18 19:20:51,"(472, 477, 10, 294, 279, 280, 306, 305, 298, 300, 8)","(472, 477, 484, 491, 497, 10, 498, 295, 294, 279, 281)",0.043
260,258725000_6_2022-09-19 15:10:00,"(687, 660, 698, 697, 691, 692, 693, 707, 706, 702, 675)","(687, 614, 622, 621, 615, 631, 660, 700, 699, 698, 697)",0.211
261,258763000_0_2022-09-02 02:09:50,"(272, 271, 287, 218, 485, 486, 478, 384, 386, 385, 381)","(272, 316, 339, 340, 335, 341, 343, 344, 359, 371, 372)",0.028
262,258763000_4_2022-09-02 13:20:14,"(412, 407, 416, 415, 397, 398, 406, 405, 396, 399, 402)","(412, 407, 416, 415, 397, 398, 406, 405, 396, 399, 402)",0.824
263,258763000_4_2022-09-02 13:20:14,"(459, 460, 451, 457, 428, 429, 395, 449, 474, 475, 472)","(459, 460, 451, 456, 457, 428, 429, 395, 443, 449, 465)",0.058
264,258763000_7_2022-09-03 13:53:40,"(658, 656, 651, 635, 655, 650, 642, 641, 637, 634, 619)","(658, 656, 651, 635, 654, 655, 652, 648, 642, 641, 637)",0.225
265,258812000_0_2022-09-15 11:22:11,"(184, 185, 186, 16, 167, 168, 33, 175, 174, 180, 182)","(184, 185, 186, 16, 167, 168, 175, 174, 180, 182, 181)",0.41
266,258829000_0_2022-09-14 19:24:50,"(280, 305, 299, 300, 8, 116, 121, 118, 124, 138, 137)","(280, 306, 305, 264, 265, 263, 88, 83, 62, 268, 267)",0.25
267,258829000_12_2022-09-28 20:50:31,"(697, 691, 690, 693, 707, 706, 702, 675, 681, 705, 709)","(697, 691, 690, 693, 707, 702, 675, 681, 705, 709, 708)",0.17
268,258829000_12_2022-09-28 20:50:31,"(639, 649, 659, 678, 679, 324, 440, 458, 308, 276, 229)","(639, 659, 678, 679, 601, 518, 519, 516, 440, 450, 458)",0.065
269,258829000_6_2022-09-15 17:25:03,"(653, 662, 663, 661, 658, 656, 635, 655, 650, 642, 641)","(653, 662, 663, 661, 658, 656, 651, 635, 654, 655, 652)",0.305
270,258829000_7_2022-09-28 00:13:51,"(281, 280, 305, 299, 300, 8, 117, 123, 122, 121, 124)","(281, 280, 306, 305, 264, 265, 263, 88, 83, 62, 268)",0.264
271,258879000_0_2022-09-03 01:40:35,"(497, 498, 295, 298, 299, 300, 8, 117, 123, 122, 121)","(497, 10, 294, 279, 281, 280, 306, 305, 264, 265, 263)",0.047
272,258879000_7_2022-09-03 18:05:22,"(614, 622, 621, 615, 660, 699, 691, 690, 693, 707, 675)","(614, 622, 621, 615, 631, 660, 700, 699, 698, 697, 691)",0.305
273,259000790_5_2022-09-15 09:31:36,"(60, 24, 93, 18, 25, 95, 94, 17, 23, 99, 98)","(60, 24, 93, 18, 25, 95, 94, 17, 23, 99, 98)",0.605
274,259000790_7_2022-09-16 18:21:40,"(561, 560, 551, 550, 562, 597, 234, 165, 169, 198, 309)","(561, 560, 350, 50, 109, 110, 19, 61, 60, 24, 93)",0.256
275,259017000_7_2022-09-18 20:22:17,"(648, 642, 641, 636, 637, 638, 634, 619, 617, 618, 644)","(648, 642, 641, 637, 638, 634, 619, 620, 618, 644, 639)",0.337
276,259101000_2_2022-09-16 19:18:54,"(442, 441, 427, 420, 404, 426, 425, 535, 561, 560, 551)","(442, 441, 427, 420, 404, 426, 425, 110, 19, 61, 60)",0.343
277,259143000_13_2022-09-24 22:01:15,"(192, 240, 22, 454, 455, 418, 392, 382, 459, 460, 456)","(192, 191, 204, 240, 304, 313, 454, 455, 418, 403, 392)",0.077
278,259143000_15_2022-09-25 17:55:21,"(527, 537, 536, 533, 499, 530, 663, 661, 658, 656, 635)","(527, 526, 537, 536, 533, 515, 504, 505, 266, 299, 300)",0.144
279,259143000_1_2022-09-07 01:11:02,"(477, 497, 498, 10, 334, 330, 333, 336, 9, 161, 160)","(477, 484, 491, 497, 10, 498, 295, 294, 279, 281, 280)",0.062
280,259255000_28_2022-09-13 12:57:39,"(619, 620, 618, 643, 644, 639, 649, 659, 678, 679, 440)","(619, 620, 618, 644, 639, 659, 678, 679, 601, 518, 519)",0.166
281,266439000_0_2022-09-27 23:08:53,"(151, 145, 146, 142, 141, 147, 148, 125, 130, 131, 120)","(151, 145, 146, 142, 143, 144, 147, 148, 4, 125, 130)",0.048
282,266439000_34_2022-09-30 10:31:31,"(697, 691, 692, 693, 707, 675, 681, 705, 709, 683, 647)","(697, 691, 690, 692, 693, 707, 702, 675, 681, 705, 709)",0.198
283,304011027_3_2022-09-14 11:03:26,"(497, 330, 336, 9, 160, 158, 15, 183, 184, 185, 186)","(497, 10, 294, 279, 281, 280, 306, 305, 264, 265, 263)",0.063
284,304011027_6_2022-09-15 16:08:43,"(634, 619, 617, 618, 644, 639, 659, 678, 601, 519, 516)","(634, 619, 620, 618, 644, 639, 659, 678, 679, 601, 518)",0.224
285,304339000_5_2022-09-28 17:37:12,"(522, 524, 525, 532, 531, 521, 517, 527, 526, 537, 536)","(522, 524, 525, 532, 531, 521, 520, 517, 527, 526, 537)",0.584
286,304997000_6_2022-09-06 15:06:34,"(442, 441, 427, 420, 404, 535, 561, 560, 551, 566, 573)","(442, 441, 427, 420, 404, 426, 425, 110, 19, 61, 60)",0.324
287,305190000_0_2022-09-25 19:58:11,"(148, 0, 130, 131, 120, 5, 7, 469, 468, 480, 476)","(148, 4, 125, 130, 131, 120, 5, 87)",0.097
288,305190000_13_2022-09-28 17:00:50,"(616, 663, 661, 658, 656, 651, 635, 655, 634, 619, 620)","(616, 653, 662, 663, 661, 658, 656, 651, 635, 654, 655)",0.454
289,305224000_13_2022-09-04 11:25:48,"(656, 651, 635, 655, 652, 648, 642, 640, 641, 637, 634)","(656, 651, 635, 654, 655, 652, 648, 642, 641, 637, 638)",0.216
290,305224000_36_2022-09-27 11:41:30,"(661, 658, 656, 651, 635, 654, 655, 652, 648, 642, 640)","(661, 658, 656, 651, 635, 654, 655, 652, 648, 642, 641)",0.219
291,305224000_37_2022-09-30 12:05:48,"(473, 472, 484, 491, 497, 10, 294, 279, 280, 305, 264)","(473, 472, 477, 484, 491, 497, 10, 294, 279, 281, 280)",0.063
292,305370000_0_2022-09-22 06:21:40,"(395, 449, 474, 472, 484, 491, 10, 305, 299, 300, 8)","(395, 443, 449, 465, 475, 473, 472, 477, 484, 491, 497)",0.08
293,305371000_12_2022-09-12 14:23:11,"(424, 423, 419, 445, 444, 430, 421, 431, 437, 442, 441)","(424, 423, 419, 444, 430, 421, 431, 447, 446, 437, 436)",0.413
294,305371000_1_2022-09-05 22:35:35,"(17, 23, 99, 98, 97, 103, 102, 101, 106, 105, 100)","(17, 23, 99, 98, 97, 103, 102, 101, 106, 105, 100)",0.382
295,305371000_4_2022-09-07 20:04:29,"(441, 427, 404, 425, 535, 561, 560, 550, 598, 597, 323)","(441, 427, 420, 404, 426, 425, 110, 19, 61, 60, 24)",0.345
296,305509000_0_2022-09-09 07:14:15,"(465, 472, 334, 331, 330, 333, 336, 9, 160, 158, 15)","(465, 475, 473, 472, 477, 484, 491, 497, 10, 294, 279)",0.061
297,305509000_6_2022-09-10 21:31:02,"(634, 619, 620, 618, 643, 644, 639, 649, 678, 601, 518)","(634, 619, 620, 618, 644, 639, 659, 678, 679, 601, 518)",0.193
298,305662000_1_2022-09-03 00:01:11,"(156, 15, 184, 185, 186, 16, 167, 33, 175, 180, 182)","(156, 15, 183, 184, 185, 186, 16, 167, 168, 175, 174)",0.318
299,305662000_5_2022-09-03 19:11:59,"(521, 527, 526, 537, 536, 533, 499, 502, 530, 528, 661)","(521, 520, 517, 527, 526, 537, 536, 533, 515, 504, 505)",0.348
300,305662000_6_2022-09-07 13:40:22,"(455, 418, 392, 382, 459, 460, 456, 457, 428, 429, 443)","(455, 418, 403, 392, 382, 448, 460, 451, 456, 457, 428)",0.08
301,305662000_8_2022-09-08 18:57:32,"(531, 521, 527, 537, 536, 533, 499, 529, 528, 661, 656)","(531, 521, 520, 517, 527, 526, 537, 536, 533, 515, 504)",0.311
302,305662000_9_2022-09-14 00:21:55,"(449, 465, 474, 475, 472, 477, 497, 498, 295, 306, 305)","(449, 465, 475, 473, 472, 477, 484, 491, 497, 10, 294)",0.034
303,305773000_0_2022-09-11 08:57:01,"(5, 6, 7, 410, 468, 479, 476, 481, 432, 383, 409)","(5, 87)",0.053
304,305773000_10_2022-09-18 08:55:39,"(132, 135, 137, 152, 145, 146, 141, 147, 148, 125, 130)","(132, 135, 138, 137, 152, 151, 145, 146, 142, 141, 143)",0.036
305,305773000_12_2022-09-18 20:41:29,"(705, 709, 683, 628, 627, 677, 671, 625, 612, 633, 605)","(705, 709, 708, 683, 647, 628, 627, 677, 676, 671, 625)",0.373
306,305773000_13_2022-09-25 08:49:54,"(294, 279, 280, 306, 298, 300, 8, 116, 123, 122, 121)","(294, 279, 281, 280, 306, 305, 264, 265, 263, 88, 83)",0.226
307,305773000_16_2022-09-25 20:34:52,"(674, 726, 686, 695, 689, 685, 682, 701, 704, 703, 687)","(674, 673, 684, 686, 695, 694, 689, 688, 682, 701, 704)",0.153
308,305773000_16_2022-09-25 20:34:52,"(636, 637, 638, 634, 619, 617, 618, 644, 639, 659, 678)","(636, 637, 638, 634, 619, 620, 618, 644, 639, 659, 678)",0.235
309,305773000_9_2022-09-11 21:46:19,"(606, 616, 653, 662, 663, 657, 656, 635, 654, 655, 652)","(606, 616, 653, 662, 663, 661, 658, 656, 651, 635, 654)",0.438
310,305979000_0_2022-09-05 06:02:36,"(428, 429, 395, 443, 449, 465, 475, 472, 477, 484, 498)","(428, 429, 395, 443, 449, 465, 475, 473, 472, 477, 484)",0.121
311,305979000_0_2022-09-05 06:02:36,"(129, 120, 480, 479, 476, 481, 383, 409, 408, 393, 463)","(129, 120, 5, 87)",0.125
312,305979000_1_2022-09-06 07:13:50,"(683, 647, 627, 677, 671, 625, 613, 632, 633, 605, 616)","(683, 647, 628, 627, 677, 676, 671, 625, 613, 632, 633)",0.312
313,305979000_2_2022-09-12 07:16:32,"(382, 448, 460, 456, 428, 429, 443, 449, 465, 475, 473)","(382, 448, 460, 451, 456, 457, 428, 429, 395, 443, 449)",0.049
314,305979000_2_2022-09-12 07:16:32,"(125, 130, 129, 120, 480, 479, 476, 481, 383, 393, 463)","(125, 130, 131, 120, 5, 87)",0.162
315,305979000_4_2022-09-13 04:48:40,"(627, 677, 676, 671, 612, 632, 633, 605, 616, 653, 662)","(627, 677, 676, 671, 625, 613, 632, 633, 606, 616, 653)",0.223
316,305979000_5_2022-09-19 23:32:16,"(118, 124, 126, 135, 137, 152, 145, 146, 142, 143, 147)","(118, 127, 132, 135, 138, 137, 152, 151, 145, 146, 142)",0.024
317,305979000_6_2022-09-21 03:16:01,"(691, 690, 692, 693, 707, 706, 702, 675, 681, 705, 709)","(691, 690, 693, 707, 702, 675, 681, 705, 709, 708, 683)",0.182
318,305979000_6_2022-09-21 03:16:01,"(617, 639, 659, 678, 679, 518, 440, 575, 325, 234, 231)","(617, 618, 644, 639, 659, 678, 679, 601, 518, 519, 516)",0.178
319,305979000_7_2022-09-27 10:34:40,"(146, 143, 147, 148, 125, 130, 129, 5, 469, 468, 432)","(146, 142, 143, 144, 147, 148, 4, 125, 130, 131, 120)",0.082
320,305979000_8_2022-09-28 12:01:02,"(705, 709, 708, 683, 647, 628, 627, 677, 676, 632, 633)","(705, 709, 708, 683, 647, 628, 627, 677, 676, 671, 625)",0.377
321,308803000_0_2022-09-19 13:36:31,"(451, 428, 429, 395, 449, 474, 472, 334, 330, 333, 336)","(451, 456, 457, 428, 429, 395, 443, 449, 465, 475, 473)",0.104
322,308803000_2_2022-09-19 21:48:06,"(634, 619, 620, 618, 643, 644, 679, 519, 440, 199, 205)","(634, 619, 620, 618, 644, 639, 659, 678, 679, 601, 518)",0.176
323,314019000_6_2022-09-05 16:05:39,"(404, 426, 425, 535, 561, 560, 550, 598, 597, 563, 534)","(404, 426, 425, 110, 19, 61, 60, 24, 93, 18, 25)",0.27
324,314037000_2_2022-09-26 10:15:13,"(19, 61, 60, 24, 93, 18, 25, 95, 94, 17, 23)","(19, 61, 60, 24, 93, 18, 25, 95, 94, 17, 23)",0.504
325,314188000_0_2022-09-30 09:28:23,"(75, 74, 67, 69, 68, 66, 77, 76, 73, 72, 71)","(75, 74, 67, 69, 68, 66, 77, 76, 73, 72, 71)",0.855
326,314318000_0_2022-09-23 18:12:02,"(460, 456, 457, 428, 429, 443, 475, 473, 472, 477, 498)","(460, 451, 456, 457, 428, 429, 395, 443, 449, 465, 475)",0.083
327,314318000_1_2022-09-23 23:31:23,"(93, 18, 95, 94, 17, 23, 99, 98, 97, 102, 101)","(93, 18, 25, 95, 94, 17, 23, 99, 98, 97, 102)",0.374
328,314419000_28_2022-09-12 18:11:27,"(412, 407, 416, 415, 397, 398, 406, 405, 396, 399, 402)","(412, 407, 416, 415, 397, 398, 406, 405, 396, 399, 402)",0.801
329,314473000_6_2022-09-20 21:04:32,"(427, 404, 535, 561, 560, 551, 550, 598, 597, 323, 278)","(427, 420, 404, 426, 425, 110, 19, 61, 60, 24, 93)",0.338
330,341864000_0_2022-09-01 00:00:03,"(691, 690, 692, 693, 707, 702, 675, 705, 709, 708, 683)","(691, 690, 692, 693, 707, 702, 675, 681, 705, 709, 708)",0.185
331,341864000_10_2022-09-03 08:55:43,"(125, 130, 129, 5, 7, 468, 432, 383, 463, 461, 462)","(125, 130, 131, 120, 5, 87)",0.177
332,341864000_11_2022-09-04 14:34:46,"(332, 337, 336, 9, 161, 160, 156, 15, 183, 157, 155)","(332, 337, 336, 9, 161, 160, 156, 15, 183, 184, 185)",0.329
333,341864000_13_2022-09-05 13:50:53,"(666, 665, 672, 674, 684, 686, 695, 694, 688, 682, 704)","(666, 665, 672, 674, 673, 684, 686, 695, 694, 689, 688)",0.362
334,341864000_14_2022-09-05 19:58:03,"(515, 504, 505, 317, 299, 300, 8, 116, 122, 121, 118)","(515, 504, 505, 266, 299, 300, 8, 116, 123, 122, 121)",0.097
335,341864000_15_2022-09-06 03:27:06,"(673, 684, 686, 694, 689, 688, 682, 703, 696, 591, 631)","(673, 684, 686, 695, 694, 689, 688, 682, 701, 704, 703)",0.149
336,341864000_16_2022-09-06 09:54:16,"(504, 505, 266, 299, 300, 8, 117, 116, 122, 121, 118)","(504, 505, 266, 299, 300, 8, 116, 123, 122, 121, 118)",0.079
337,341864000_17_2022-09-06 17:34:03,"(660, 698, 691, 690, 692, 693, 707, 702, 675, 705, 709)","(660, 700, 699, 698, 697, 691, 690, 692, 693, 707, 702)",0.191
338,341864000_18_2022-09-07 06:04:12,"(121, 118, 127, 132, 135, 138, 137, 150, 145, 144, 148)","(121, 118, 127, 132, 135, 138, 137, 152, 151, 145, 146)",0.031
339,341864000_19_2022-09-07 13:37:44,"(693, 707, 702, 675, 709, 708, 683, 647, 628, 676, 506)","(693, 707, 702, 675, 681, 705, 709, 708, 683, 647, 628)",0.369
340,341864000_1_2022-09-01 06:02:47,"(148, 4, 125, 130, 5, 6, 7, 468, 480, 476, 481)","(148, 4, 125, 130, 131, 120, 5, 87)",0.091
341,341864000_20_2022-09-07 20:09:23,"(147, 148, 4, 125, 130, 129, 5, 7, 469, 468, 481)","(147, 148, 4, 125, 130, 131, 120, 5, 87)",0.092
342,341864000_22_2022-09-08 10:24:33,"(7, 469, 468, 476, 481, 432, 383, 408, 393, 461, 462)","(7, 410, 469, 468, 479, 476, 482, 481, 432, 383, 394)",0.109
343,341864000_23_2022-09-08 17:55:30,"(506, 329, 328, 332, 337, 336, 9, 161, 160, 156, 15)","(506, 329, 328, 332, 337, 336, 9, 161, 160, 156, 15)",0.295
344,341864000_25_2022-09-09 14:26:26,"(623, 630, 629, 666, 665, 672, 674, 673, 686, 694, 689)","(623, 630, 629, 666, 665, 672, 674, 673, 684, 686, 695)",0.378
345,341864000_26_2022-09-09 20:20:17,"(517, 527, 526, 537, 536, 533, 515, 504, 505, 317, 299)","(517, 527, 526, 537, 536, 533, 515, 500, 499, 502, 530)",0.153
346,341864000_27_2022-09-10 03:36:54,"(630, 629, 666, 665, 672, 673, 684, 686, 694, 688, 682)","(630, 629, 666, 665, 672, 674, 673, 684, 686, 695, 694)",0.338
347,341864000_28_2022-09-10 09:49:13,"(517, 527, 537, 533, 515, 504, 505, 266, 299, 300, 8)","(517, 527, 526, 537, 536, 533, 515, 500, 499, 502, 530)",0.133
348,341864000_29_2022-09-11 10:10:42,"(591, 631, 699, 691, 692, 693, 707, 702, 675, 708, 683)","(591, 631, 660, 700, 699, 698, 697, 691, 690, 693, 707)",0.25
349,341864000_30_2022-09-12 06:00:02,"(137, 150, 151, 145, 144, 147, 148, 4, 130, 5, 7)","(137, 152, 151, 145, 146, 142, 141, 143, 144, 147, 148)",0.049
350,341864000_31_2022-09-13 04:01:20,"(683, 628, 676, 506, 329, 328, 332, 337, 336, 9, 160)","(683, 647, 628, 627, 677, 676, 671, 625, 613, 632, 633)",0.284
351,341864000_32_2022-09-13 10:22:09,"(468, 480, 476, 481, 432, 383, 408, 393, 461, 462, 593)","(468, 479, 476, 482, 481, 432, 383, 394, 409, 408, 393)",0.119
352,341864000_33_2022-09-13 17:51:03,"(671, 506, 329, 328, 332, 337, 336, 9, 161, 160, 156)","(671, 625, 613, 632, 633, 606, 616, 653, 662, 663, 661)",0.249
353,341864000_36_2022-09-14 20:19:53,"(520, 517, 527, 537, 533, 515, 504, 505, 317, 299, 300)","(520, 517, 527, 526, 537, 536, 533, 515, 504, 505, 266)",0.153
354,341864000_37_2022-09-15 04:08:12,"(674, 673, 684, 686, 695, 694, 689, 685, 682, 704, 703)","(674, 673, 684, 686, 695, 694, 689, 688, 682, 701, 704)",0.175
355,341864000_38_2022-09-15 10:14:33,"(536, 533, 515, 504, 505, 317, 266, 299, 300, 8, 116)","(536, 533, 515, 504, 505, 317, 266, 299, 300, 8, 116)",0.109
356,341864000_39_2022-09-15 17:56:03,"(695, 694, 688, 682, 703, 696, 591, 631, 699, 698, 697)","(695, 694, 689, 688, 682, 701, 704, 703, 696, 687, 614)",0.128
357,341864000_40_2022-09-16 06:01:44,"(116, 122, 121, 118, 127, 132, 135, 138, 137, 152, 151)","(116, 123, 122, 121, 118, 124, 127, 132, 135, 138, 137)",0.029
358,341864000_42_2022-09-16 20:10:17,"(122, 121, 118, 127, 126, 135, 138, 137, 152, 151, 146)","(122, 121, 118, 127, 132, 135, 138, 137, 152, 151, 145)",0.051
359,341864000_43_2022-09-17 04:24:37,"(691, 690, 693, 707, 675, 681, 705, 709, 683, 628, 676)","(691, 690, 693, 707, 702, 675, 681, 705, 709, 708, 683)",0.17
360,341864000_44_2022-09-17 10:35:43,"(4, 125, 130, 5, 7, 469, 468, 481, 432, 461, 462)","(4, 125, 130, 131, 120, 5, 87)",0.114
361,341864000_46_2022-09-19 06:01:43,"(517, 527, 526, 537, 533, 515, 504, 505, 266, 299, 300)","(517, 527, 526, 537, 536, 533, 515, 504, 505, 266, 299)",0.143
362,341864000_47_2022-09-19 14:10:53,"(682, 703, 696, 591, 631, 699, 698, 697, 691, 692, 693)","(682, 701, 704, 703, 696, 687, 614, 622, 621, 615, 631)",0.194
363,341864000_48_2022-09-19 20:08:17,"(121, 118, 127, 132, 135, 138, 137, 152, 151, 145, 146)","(121, 118, 124, 127, 132, 135, 138, 137, 152, 151, 145)",0.03
364,341864000_49_2022-09-20 04:09:43,"(631, 699, 698, 697, 691, 690, 692, 693, 707, 702, 675)","(631, 660, 700, 699, 698, 697, 691, 690, 692, 693, 707)",0.239
365,341864000_4_2022-09-01 13:51:10,"(693, 707, 706, 702, 675, 708, 683, 647, 628, 676, 506)","(693, 707, 702, 675, 681, 705, 709, 708, 683, 647, 628)",0.379
366,341864000_50_2022-09-20 10:13:22,"(130, 5, 7, 469, 468, 476, 481, 432, 383, 408, 393)","(130, 131, 120, 5, 87)",0.184
367,341864000_51_2022-09-20 18:57:35,"(676, 671, 506, 329, 328, 332, 337, 336, 9, 160, 156)","(676, 671, 625, 613, 632, 633, 606, 616, 653, 662, 663)",0.246
368,341864000_52_2022-09-21 06:00:43,"(468, 480, 476, 481, 432, 383, 461, 388, 389, 361, 362)","(468, 479, 476, 482, 481, 432, 383, 394, 409, 408, 393)",0.105
369,341864000_54_2022-09-21 19:58:20,"(505, 317, 266, 299, 300, 8, 116, 122, 121, 118, 127)","(505, 317, 266, 299, 300, 8, 116, 123, 122, 121, 118)",0.066
370,341864000_55_2022-09-22 03:58:19,"(704, 703, 696, 687, 591, 631, 699, 698, 697, 691, 690)","(704, 703, 696, 687, 614, 622, 621, 615, 631, 660, 700)",0.188
371,341864000_56_2022-09-22 10:05:08,"(116, 121, 124, 126, 138, 137, 152, 151, 145, 144, 148)","(116, 122, 121, 118, 127, 132, 135, 138, 137, 152, 151)",0.032
372,341864000_57_2022-09-22 17:45:12,"(691, 690, 693, 707, 702, 675, 705, 708, 683, 628, 627)","(691, 690, 692, 693, 707, 702, 675, 681, 705, 709, 708)",0.174
373,341864000_58_2022-09-23 06:02:12,"(5, 7, 469, 468, 480, 476, 481, 432, 383, 394, 461)","(5, 87)",0.062
374,341864000_59_2022-09-23 13:49:22,"(328, 332, 337, 336, 9, 161, 160, 156, 15, 183, 157)","(328, 332, 337, 336, 9, 161, 160, 156, 15, 183, 184)",0.349
375,341864000_5_2022-09-01 19:58:44,"(469, 468, 480, 476, 482, 481, 383, 461, 462, 388, 389)","(469, 468, 479, 476, 482, 481, 432, 383, 394, 409, 408)",0.093
376,341864000_61_2022-09-24 03:59:20,"(623, 630, 629, 666, 665, 672, 673, 684, 686, 695, 694)","(623, 630, 629, 666, 665, 672, 674, 673, 684, 686, 695)",0.372
377,341864000_62_2022-09-24 10:13:23,"(515, 504, 505, 317, 299, 300, 8, 117, 116, 122, 121)","(515, 504, 505, 266, 299, 300, 8, 116, 123, 122, 121)",0.087
378,341864000_63_2022-09-25 09:40:53,"(703, 696, 687, 591, 631, 699, 698, 691, 690, 692, 675)","(703, 696, 687, 614, 622, 621, 615, 631, 660, 700, 699)",0.21
379,341864000_64_2022-09-26 06:15:03,"(145, 144, 148, 4, 0, 130, 120, 5, 6, 7, 469)","(145, 146, 142, 143, 144, 147, 148, 4, 125, 130, 131)",0.052
380,341864000_65_2022-09-26 13:46:00,"(692, 693, 707, 702, 675, 709, 683, 647, 628, 676, 506)","(692, 693, 707, 702, 675, 681, 705, 709, 708, 683, 647)",0.366
381,341864000_66_2022-09-26 20:02:02,"(151, 145, 144, 148, 4, 125, 130, 5, 7, 469, 468)","(151, 145, 146, 142, 143, 144, 147, 148, 4, 125, 130)",0.05
382,341864000_69_2022-09-27 10:16:23,"(468, 479, 482, 481, 432, 383, 409, 408, 393, 463, 461)","(468, 479, 476, 482, 481, 432, 383, 394, 409, 408, 393)",0.12
383,341864000_6_2022-09-02 04:05:02,"(329, 328, 332, 337, 336, 9, 161, 160, 156, 15, 183)","(329, 328, 332, 337, 336, 9, 161, 160, 156, 15, 183)",0.377
384,341864000_71_2022-09-28 06:03:02,"(517, 527, 537, 533, 515, 504, 505, 266, 299, 300, 8)","(517, 527, 526, 537, 536, 533, 515, 500, 499, 502, 530)",0.135
385,341864000_72_2022-09-29 03:42:23,"(696, 687, 591, 660, 698, 697, 691, 690, 692, 693, 707)","(696, 687, 614, 622, 621, 615, 631, 660, 700, 699, 698)",0.218
386,341864000_73_2022-09-29 09:54:33,"(127, 132, 135, 138, 137, 152, 151, 142, 144, 148, 4)","(127, 132, 135, 137, 152, 151, 145, 146, 142, 143, 144)",0.026
387,341864000_74_2022-09-29 17:36:20,"(706, 675, 705, 708, 683, 647, 671, 506, 329, 328, 332)","(706, 702, 675, 681, 705, 709, 708, 683, 647, 628, 627)",0.508
388,341864000_75_2022-09-30 06:03:00,"(130, 5, 7, 410, 468, 481, 383, 461, 462, 388, 389)","(130, 131, 120, 5, 87)",0.188
389,341864000_77_2022-09-30 20:19:29,"(505, 317, 266, 299, 300, 8, 116, 122, 121, 118, 127)","(505, 266, 299, 300, 8, 116, 123, 122, 121, 118, 124)",0.053
390,341864000_8_2022-09-02 10:11:33,"(135, 138, 137, 152, 151, 142, 143, 144, 148, 4, 125)","(135, 137, 152, 151, 145, 146, 142, 141, 143, 144, 147)",0.029
391,341864000_9_2022-09-02 18:34:10,"(697, 691, 690, 692, 693, 707, 702, 675, 705, 708, 683)","(697, 691, 690, 693, 707, 702, 675, 681, 705, 709, 708)",0.179
392,372002000_0_2022-09-21 03:00:06,"(333, 336, 9, 161, 160, 158, 15, 183, 184, 185, 186)","(333, 336, 9, 161, 160, 156, 15, 183, 184, 185, 186)",0.303
393,372002000_2_2022-09-21 13:02:48,"(649, 678, 601, 518, 519, 440, 450, 301, 292, 289, 59)","(649, 678, 679, 601, 518, 519, 516, 440, 450, 458, 548)",0.086
394,375103000_1_2022-09-12 12:47:10,"(101, 106, 105, 100, 29, 65, 75, 74, 67, 69, 68)","(101, 106, 105, 100, 96, 29, 65, 75, 74, 67, 69)",0.591
395,375103000_7_2022-09-13 13:28:43,"(561, 560, 562, 597, 308, 273, 276, 277, 275, 274, 239)","(561, 560, 350, 50, 109, 110, 19, 61, 60, 24, 93)",0.27
396,375241000_12_2022-09-12 10:02:38,"(769, 768, 774, 775, 776, 752, 498, 295, 298, 299, 300)","(769, 768, 792, 804, 815, 814, 813)",0.009
397,375241000_15_2022-09-12 21:22:22,"(621, 660, 700, 699, 698, 697, 691, 692, 693, 707, 675)","(621, 615, 631, 660, 700, 699, 698, 697, 691, 690, 692)",0.208
398,375241000_2_2022-09-05 09:03:39,"(144, 147, 148, 125, 130, 129, 5, 7, 410, 468, 480)","(144, 147, 148, 4, 125, 130, 131, 120, 5, 87)",0.069
399,375241000_54_2022-09-21 05:50:14,"(457, 428, 429, 395, 449, 474, 475, 473, 472, 477, 498)","(457, 428, 429, 395, 443, 449, 465, 475, 473, 472, 477)",0.132
400,375241000_62_2022-09-21 21:28:50,"(672, 674, 726, 686, 695, 694, 689, 685, 701, 704, 614)","(672, 674, 673, 684, 686, 695, 694, 689, 688, 682, 701)",0.167
401,375241000_62_2022-09-21 21:28:50,"(661, 656, 635, 654, 655, 652, 648, 642, 636, 637, 638)","(661, 658, 656, 651, 635, 654, 655, 652, 648, 642, 641)",0.228
402,375241000_65_2022-09-26 20:40:29,"(636, 637, 638, 634, 619, 617, 618, 643, 644, 639, 649)","(636, 637, 638, 634, 619, 620, 618, 644, 639, 659, 678)",0.235
403,375241000_8_2022-09-05 19:15:17,"(656, 635, 654, 655, 652, 648, 642, 640, 641, 637, 634)","(656, 651, 635, 654, 655, 652, 648, 642, 641, 637, 638)",0.189
404,377764000_0_2022-09-10 07:25:19,"(102, 101, 106, 105, 100, 96, 29, 65, 75, 74, 67)","(102, 101, 106, 105, 100, 96, 29, 65, 75, 74, 67)",0.575
405,441120000_0_2022-09-26 10:14:52,"(382, 448, 460, 456, 457, 428, 429, 443, 449, 465, 475)","(382, 448, 460, 451, 456, 457, 428, 429, 395, 443, 449)",0.049
406,441120000_4_2022-09-27 14:15:47,"(526, 537, 536, 533, 499, 502, 529, 528, 556, 652, 650)","(526, 537, 536, 533, 515, 504, 505, 266, 299, 300, 8)",0.161
407,477195900_0_2022-09-02 07:20:06,"(185, 186, 16, 167, 33, 175, 174, 180, 182, 181, 178)","(185, 186, 16, 167, 168, 175, 174, 180, 182, 181, 178)",0.407
408,538009723_1_2022-09-11 01:55:38,"(418, 392, 382, 448, 457, 428, 429, 443, 449, 465, 475)","(418, 403, 392, 382, 448, 460, 451, 456, 457, 428, 429)",0.067
409,538009723_4_2022-09-11 14:22:56,"(527, 526, 537, 536, 533, 499, 502, 530, 528, 556, 657)","(527, 526, 537, 536, 533, 515, 504, 505, 266, 299, 300)",0.142
