Id,Creation Time,Tags,model,n_points,n_nodes,n_edges,n_isolated,DP_tol,clustering_alg,min_samples,metric,"V 1,2","V 3,4",V 5,max_distance,max_angle,pruning,merge_stops,merge_stops_speed,success,NaN,covered,Mean,Median,Std,test_data/n_trajectories,algorithm,Running Time
MAR-328,2023-11-03 17:14:49,[],202204_waypoints_DP10_HDBSCAN30_tromso_full_UTM,796177,201,684,0,10,HDBSCAN,30,mahalanobis,1.0,0.01,5.0E-4,10,45,1,true,2,0.7837370242214533,0.21626297577854672,0.8627566220293984,175.81739101231776,99.91208647814864,309.8692086102421,578,V4.0,388.31
MAR-327,2023-11-03 17:07:34,[],202204_waypoints_DP10_HDBSCAN25_tromso_full_UTM,796177,253,887,0,10,HDBSCAN,25,mahalanobis,1.0,0.01,5.0E-4,10,45,1,true,2,0.745674740484429,0.25432525951557095,0.8749832872905992,161.3140126862932,96.45612869850888,271.9192520175215,578,V4.0,394.801
MAR-326,2023-11-03 16:59:59,[],202204_waypoints_DP10_HDBSCAN20_tromso_full_UTM,796177,310,1128,1,10,HDBSCAN,20,mahalanobis,1.0,0.01,5.0E-4,10,45,1,true,2,0.7768166089965398,0.2231833910034602,0.8803366950901356,151.4722981468368,91.59882305031614,249.34426733233246,578,V4.0,414.209
MAR-325,2023-11-03 16:52:13,[],202204_waypoints_DP10_HDBSCAN18_tromso_full_UTM,796177,343,1261,1,10,HDBSCAN,18,mahalanobis,1.0,0.01,5.0E-4,10,45,1,true,2,0.7837370242214533,0.21626297577854672,0.8828074367315242,148.74949241287013,87.98085265481801,256.9744366244338,578,V4.0,425.709
MAR-324,2023-11-03 16:43:48,[],202204_waypoints_DP10_HDBSCAN16_tromso_full_UTM,796177,389,1475,1,10,HDBSCAN,16,mahalanobis,1.0,0.01,5.0E-4,10,45,1,true,2,0.7681660899653979,0.23183391003460208,0.8863321547494702,142.76733461409748,89.5361055454781,213.20838189004425,578,V4.0,464.522
MAR-323,2023-11-03 16:34:38,[],202204_waypoints_DP10_HDBSCAN15_tromso_full_UTM,796177,422,1631,1,10,HDBSCAN,15,mahalanobis,1.0,0.01,5.0E-4,10,45,1,true,2,0.7629757785467128,0.2370242214532872,0.8897717909400148,142.6508292485359,89.59834540564785,212.2338525314778,578,V4.0,509.773
MAR-322,2023-11-03 16:24:53,[],202204_waypoints_DP10_HDBSCAN14_tromso_full_UTM,796177,461,1776,0,10,HDBSCAN,14,mahalanobis,1.0,0.01,5.0E-4,10,45,1,true,2,0.7750865051903114,0.22491349480968859,0.8930291501954254,155.98909479057727,88.7039501572581,351.67594024789105,578,V4.0,543.78
MAR-321,2023-11-03 16:15:08,[],202204_waypoints_DP10_HDBSCAN13_tromso_full_UTM,796177,502,1897,2,10,HDBSCAN,13,mahalanobis,1.0,0.01,5.0E-4,10,45,1,true,2,0.7681660899653979,0.23183391003460208,0.8818087744028841,137.11138019315604,88.65053213978297,194.18215389317766,578,V4.0,544.537
MAR-320,2023-11-03 16:04:08,[],202204_waypoints_DP10_HDBSCAN12_tromso_full_UTM,796177,565,2181,1,10,HDBSCAN,12,mahalanobis,1.0,0.01,5.0E-4,10,45,1,true,2,0.7785467128027682,0.22145328719723184,0.890153371008605,137.0666716838019,85.38914486013391,230.22977521567535,578,V4.0,599.849
MAR-319,2023-11-03 15:53:04,[],202204_waypoints_DP10_HDBSCAN11_tromso_full_UTM,796177,625,2341,2,10,HDBSCAN,11,mahalanobis,1.0,0.01,5.0E-4,10,45,1,true,2,0.7145328719723183,0.28546712802768165,0.901773776275044,136.63038056265825,80.59851771219104,332.95836099241853,578,V4.0,623.473
MAR-318,2023-11-03 15:41:48,[],202204_waypoints_DP10_HDBSCAN10_tromso_full_UTM,796177,723,2724,3,10,HDBSCAN,10,mahalanobis,1.0,0.01,5.0E-4,10,45,1,true,2,0.6955017301038062,0.3044982698961938,0.8953420553996052,119.84815032561211,76.29403671278817,172.99430789045806,578,V4.0,615.821
MAR-317,2023-11-03 15:29:47,[],202204_waypoints_DP10_HDBSCAN9_tromso_full_UTM,796177,832,3062,6,10,HDBSCAN,9,mahalanobis,1.0,0.01,5.0E-4,10,45,1,true,2,0.6418685121107266,0.35813148788927335,0.8885785285686958,133.2777330363193,78.68295959079909,263.5767744135416,578,V4.0,658.998
MAR-316,2023-11-03 15:15:21,[],202204_waypoints_DP10_HDBSCAN8_tromso_full_UTM,796177,991,3604,2,10,HDBSCAN,8,mahalanobis,1.0,0.01,5.0E-4,10,45,1,true,2,0.6314878892733564,0.3685121107266436,0.8895738361110427,117.6342921205177,74.12139839745299,201.84362051721897,578,V4.0,823.612
MAR-308,2023-11-03 12:08:29,[],202204_waypoints_DP10_HDBSCAN7_tromso_full_UTM,796177,1244,4518,1,10,HDBSCAN,7,mahalanobis,1.0,0.01,5.0E-4,10,45,1,true,2,0.7993079584775087,0.20069204152249134,0.9132050484524857,239.18164318158207,106.75998849095221,533.0658920350045,578,V3.0,2947.801
MAR-307,2023-11-03 11:36:08,[],202204_waypoints_DP10_HDBSCAN8_tromso_full_UTM,796177,991,3604,2,10,HDBSCAN,8,mahalanobis,1.0,0.01,5.0E-4,10,45,1,true,2,0.8148788927335641,0.185121107266436,0.9084571522716243,201.75684518834606,92.60158399353348,504.2843441912067,578,V3.0,1088.324
MAR-306,2023-11-03 11:14:31,[],202204_waypoints_DP10_HDBSCAN9_tromso_full_UTM,796177,832,3062,6,10,HDBSCAN,9,mahalanobis,1.0,0.01,5.0E-4,10,45,1,true,2,0.7958477508650519,0.2041522491349481,0.9076600417416404,224.49420883999062,99.72877730514776,530.739550405117,578,V3.0,1249.993
MAR-305,2023-11-03 11:06:11,[],202204_waypoints_DP10_HDBSCAN10_tromso_full_UTM,796177,723,2724,3,10,HDBSCAN,10,mahalanobis,1.0,0.01,5.0E-4,10,45,1,true,2,0.7681660899653979,0.23183391003460208,0.9021542368220543,176.68411851674702,91.4100813787442,308.5242206267327,578,V3.0,460.526
MAR-304,2023-11-03 10:57:51,[],202204_waypoints_DP10_HDBSCAN11_tromso_full_UTM,796177,625,2341,2,10,HDBSCAN,11,mahalanobis,1.0,0.01,5.0E-4,10,45,1,true,2,0.773356401384083,0.22664359861591696,0.9064351791226034,207.18057877739736,93.1797282056624,583.3066925322283,578,V3.0,460.995
MAR-303,2023-11-03 10:50:30,[],202204_waypoints_DP10_HDBSCAN12_tromso_full_UTM,796177,565,2181,1,10,HDBSCAN,12,mahalanobis,1.0,0.01,5.0E-4,10,45,1,true,2,0.8044982698961938,0.19550173010380623,0.8947727932855198,177.1666662636012,95.51840594237673,318.65830560024017,578,V3.0,401.116
MAR-302,2023-11-03 10:43:33,[],202204_waypoints_DP10_HDBSCAN13_tromso_full_UTM,796177,502,1897,2,10,HDBSCAN,13,mahalanobis,1.0,0.01,5.0E-4,10,45,1,true,2,0.78719723183391,0.21280276816608998,0.8833779021034007,185.7819601115563,100.4100851606659,307.16800242613834,578,V3.0,376.922
MAR-301,2023-11-03 10:36:01,[],202204_waypoints_DP10_HDBSCAN14_tromso_full_UTM,796177,461,1776,0,10,HDBSCAN,14,mahalanobis,1.0,0.01,5.0E-4,10,45,1,true,2,0.8079584775086506,0.19204152249134948,0.8923531938899224,215.0639615961685,99.09971930587855,584.8372951477393,578,V3.0,412.035
MAR-300,2023-11-03 10:29:22,[],202204_waypoints_DP10_HDBSCAN15_tromso_full_UTM,796177,422,1631,1,10,HDBSCAN,15,mahalanobis,1.0,0.01,5.0E-4,10,45,1,true,2,0.7802768166089965,0.21972318339100347,0.8851348827886864,184.9222926418445,97.78139214285254,345.3760217194354,578,V3.0,359.75
MAR-299,2023-11-03 10:22:55,[],202204_waypoints_DP10_HDBSCAN16_tromso_full_UTM,796177,389,1475,1,10,HDBSCAN,16,mahalanobis,1.0,0.01,5.0E-4,10,45,1,true,2,0.7837370242214533,0.21626297577854672,0.8831264160733328,202.74494416701634,99.80872531146511,468.9214146235102,578,V3.0,346.632
MAR-298,2023-11-03 10:16:27,[],202204_waypoints_DP10_HDBSCAN17_tromso_full_UTM,796177,362,1364,2,10,HDBSCAN,17,mahalanobis,1.0,0.01,5.0E-4,10,45,1,true,2,0.7802768166089965,0.21972318339100347,0.8830728862688673,199.25728282129063,101.20536932818902,389.17195315078266,578,V3.0,347.591
MAR-297,2023-11-03 10:10:17,[],202204_waypoints_DP10_HDBSCAN20_tromso_full_UTM,796177,310,1128,1,10,HDBSCAN,20,mahalanobis,1.0,0.01,5.0E-4,10,45,1,true,2,0.7750865051903114,0.22491349480968859,0.8794584446501332,219.7679092861416,100.7281701021153,446.0692156559481,578,V3.0,329.883
MAR-296,2023-11-03 10:04:08,[],202204_waypoints_DP10_HDBSCAN25_tromso_full_UTM,796177,253,887,0,10,HDBSCAN,25,mahalanobis,1.0,0.01,5.0E-4,10,45,1,true,2,0.7854671280276817,0.21453287197231835,0.8775313007126526,218.6520601845261,105.83730268305949,495.53521564549203,578,V3.0,329.205
MAR-295,2023-11-03 09:58:26,[],202204_waypoints_DP10_HDBSCAN30_tromso_full_UTM,796177,201,684,0,10,HDBSCAN,30,mahalanobis,1.0,0.01,5.0E-4,10,45,1,true,2,0.78719723183391,0.21280276816608998,0.863703134340653,230.43082820630931,107.64139096085428,418.08008188432956,578,V3.0,281.827
MAR-292,2023-11-03 07:50:35,[],202204_waypoints_DP10_HDBSCAN35_stavanger_full_UTM,5422129,794,4203,13,10,HDBSCAN,35,mahalanobis,1.0,0.01,5.0E-4,10,45,1,true,2,0.7340425531914894,0.22340425531914893,0.8498743379747062,601.9823838956898,161.50631272518524,1218.1591868485425,752,V2.0,2034.282
MAR-291,2023-11-03 06:55:14,[],202204_waypoints_DP10_HDBSCAN30_stavanger_full_UTM,5422129,943,5095,14,10,HDBSCAN,30,mahalanobis,1.0,0.01,5.0E-4,10,45,1,true,2,0.7566489361702128,0.21143617021276595,0.8539925325285354,562.8708308887963,146.7407243742673,1207.0532611632534,752,V2.0,1997.654
MAR-290,2023-11-03 05:59:51,[],202204_waypoints_DP10_HDBSCAN25_stavanger_full_UTM,5422129,1145,6310,14,10,HDBSCAN,25,mahalanobis,1.0,0.01,5.0E-4,10,45,1,true,2,0.7606382978723404,0.20345744680851063,0.8691059988553287,535.6874764655536,147.1462422921166,1093.2068815814616,752,V2.0,1967.714
MAR-289,2023-11-03 05:03:37,[],202204_waypoints_DP10_HDBSCAN22_stavanger_full_UTM,5422129,1360,7604,12,10,HDBSCAN,22,mahalanobis,1.0,0.01,5.0E-4,10,45,1,true,2,0.7845744680851063,0.19281914893617022,0.8708140687762052,483.3840861695622,134.5067087109134,1018.0557581185643,752,V2.0,2040.534
MAR-288,2023-11-03 04:06:38,[],202204_waypoints_DP10_HDBSCAN20_stavanger_full_UTM,5422129,1525,8705,13,10,HDBSCAN,20,mahalanobis,1.0,0.01,5.0E-4,10,45,1,true,2,0.8018617021276596,0.17154255319148937,0.8720447296834601,496.7466107054243,137.35410510448364,1037.7317460937268,752,V2.0,2088.998
MAR-287,2023-11-03 03:08:36,[],202204_waypoints_DP10_HDBSCAN18_stavanger_full_UTM,5422129,1749,10089,13,10,HDBSCAN,18,mahalanobis,1.0,0.01,5.0E-4,10,45,1,true,2,0.8164893617021277,0.1595744680851064,0.88433761721933,473.19729420207995,128.02861116718648,1043.9737400781726,752,V2.0,2127.16
MAR-285,2023-11-03 01:09:16,[],202204_waypoints_DP10_HDBSCAN15_stavanger_full_UTM,5422129,2205,12555,19,10,HDBSCAN,15,mahalanobis,1.0,0.01,5.0E-4,10,45,1,true,2,0.8231382978723404,0.15159574468085107,0.896929750890841,378.92414345082534,117.24818537306294,925.9038542000367,752,V2.0,2250.612
MAR-284,2023-11-03 00:08:13,[],202204_waypoints_DP10_HDBSCAN14_stavanger_full_UTM,5422129,2421,13627,21,10,HDBSCAN,14,mahalanobis,1.0,0.01,5.0E-4,10,45,1,true,2,0.8324468085106383,0.1422872340425532,0.8957850527212023,368.8487302691081,113.90385736441378,891.9617066702949,752,V2.0,2330.853
MAR-283,2023-11-02 22:54:59,[],202204_waypoints_DP10_HDBSCAN12_stavanger_full_UTM,5422129,2983,16622,27,10,HDBSCAN,12,mahalanobis,1.0,0.01,5.0E-4,10,45,1,true,2,0.8311170212765957,0.1356382978723404,0.9019092647295156,465.59463670764126,113.67780104515822,1219.320072538476,752,V2.0,3029.171
MAR-282,2023-11-02 21:15:02,[],202204_waypoints_DP10_HDBSCAN10_stavanger_full_UTM,5422129,3840,20860,33,10,HDBSCAN,10,mahalanobis,1.0,0.01,5.0E-4,10,45,1,true,2,0.8164893617021277,0.13164893617021275,0.8991532819230937,652.5431395203987,115.22891260961505,2112.824270965104,752,V2.0,4226.134
MAR-281,2023-11-02 19:20:25,[],202204_waypoints_DP10_HDBSCAN8_stavanger_full_UTM,5422129,5387,28022,58,10,HDBSCAN,8,mahalanobis,1.0,0.01,5.0E-4,10,45,1,true,2,0.7606382978723404,0.16489361702127658,0.9078734646827128,871.9836507375181,113.32882409021423,2860.09234668856,752,V2.0,5247.955
MAR-280,2023-11-02 18:56:18,[],202204_waypoints_DP10_HDBSCAN7_tromso_full_UTM,796177,1244,4649,1,10,HDBSCAN,7,mahalanobis,1.0,0.01,5.0E-4,10,45,1,true,2,0.801038062283737,0.14878892733564014,0.9164705790219809,185.02650017189674,72.52696104884633,459.15589657746807,578,V2.0,1229.605
MAR-279,2023-11-02 18:48:08,[],202204_waypoints_DP10_HDBSCAN30_tromso_full_UTM,796177,201,704,0,10,HDBSCAN,30,mahalanobis,1.0,0.01,5.0E-4,10,45,1,true,2,0.78719723183391,0.21107266435986158,0.864010713250381,225.3596070513453,105.9609751544908,410.600761998759,578,V2.0,303.094
MAR-278,2023-11-02 18:42:23,[],202204_waypoints_DP10_HDBSCAN25_tromso_full_UTM,796177,253,915,0,10,HDBSCAN,25,mahalanobis,1.0,0.01,5.0E-4,10,45,1,true,2,0.7837370242214533,0.21107266435986158,0.8783672276393558,204.82403183786784,101.68851407601787,404.40670437694934,578,V2.0,305.003
MAR-277,2023-11-02 18:36:47,[],202204_waypoints_DP10_HDBSCAN20_tromso_full_UTM,796177,310,1159,1,10,HDBSCAN,20,mahalanobis,1.0,0.01,5.0E-4,10,45,1,true,2,0.7768166089965398,0.21972318339100347,0.8792536841186566,200.68052300832872,95.78316302276926,409.7128853819691,578,V2.0,296.829
MAR-276,2023-11-02 18:30:52,[],202204_waypoints_DP10_HDBSCAN17_tromso_full_UTM,796177,362,1400,1,10,HDBSCAN,17,mahalanobis,1.0,0.01,5.0E-4,10,45,1,true,2,0.801038062283737,0.19550173010380623,0.8850300041833101,174.84757065987245,95.36478403173197,316.7294847819558,578,V2.0,314.936
MAR-275,2023-11-02 18:24:46,[],202204_waypoints_DP10_HDBSCAN15_tromso_full_UTM,796177,422,1684,1,10,HDBSCAN,15,mahalanobis,1.0,0.01,5.0E-4,10,45,1,true,2,0.8027681660899654,0.19377162629757785,0.8871779972813324,164.49712390046022,92.70018627255969,260.98428138375795,578,V2.0,326.029
MAR-274,2023-11-02 18:18:03,[],202204_waypoints_DP10_HDBSCAN14_tromso_full_UTM,796177,461,1823,0,10,HDBSCAN,14,mahalanobis,1.0,0.01,5.0E-4,10,45,1,true,2,0.8096885813148789,0.18685121107266436,0.8925402731619598,193.38656131792953,92.85457388570029,518.5944725103437,578,V2.0,363.862
MAR-273,2023-11-02 18:11:49,[],202204_waypoints_DP10_HDBSCAN13_tromso_full_UTM,796177,502,1957,2,10,HDBSCAN,13,mahalanobis,1.0,0.01,5.0E-4,10,45,1,true,2,0.8079584775086506,0.18339100346020762,0.8864821152328337,167.72213845321866,93.86107583524911,262.9562425441931,578,V2.0,334.269
MAR-272,2023-11-02 18:05:10,[],202204_waypoints_DP10_HDBSCAN12_tromso_full_UTM,796177,565,2256,1,10,HDBSCAN,12,mahalanobis,1.0,0.01,5.0E-4,10,45,1,true,2,0.8027681660899654,0.17993079584775087,0.8947039538111308,159.69043750322948,88.75236642406696,268.03654131649773,578,V2.0,359.225
MAR-271,2023-11-02 17:57:49,[],202204_waypoints_DP10_HDBSCAN11_tromso_full_UTM,796177,625,2427,1,10,HDBSCAN,11,mahalanobis,1.0,0.01,5.0E-4,10,45,1,true,2,0.7802768166089965,0.19377162629757785,0.9071840559993803,231.78187019841832,88.56641248593671,700.6754669598432,578,V2.0,405.411
MAR-270,2023-11-02 17:50:24,[],202204_waypoints_DP10_HDBSCAN10_tromso_full_UTM,796177,723,2800,2,10,HDBSCAN,10,mahalanobis,1.0,0.01,5.0E-4,10,45,1,true,2,0.773356401384083,0.1972318339100346,0.9026686603310605,177.22405581779634,81.90193893416871,427.31675104668614,578,V2.0,405.735
MAR-269,2023-11-02 17:42:17,[],202204_waypoints_DP10_HDBSCAN9_tromso_full_UTM,796177,832,3158,5,10,HDBSCAN,9,mahalanobis,1.0,0.01,5.0E-4,10,45,1,true,2,0.7975778546712803,0.17301038062283736,0.9074873970791622,213.5768320351072,80.68520618153819,602.2806089163221,578,V2.0,444.435
MAR-268,2023-11-02 17:34:21,[],202204_waypoints_DP10_HDBSCAN8_tromso_full_UTM,796177,991,3712,2,10,HDBSCAN,8,mahalanobis,1.0,0.01,5.0E-4,10,45,1,true,2,0.8148788927335641,0.17128027681660898,0.9092081275094589,175.16790147138676,75.01189536789049,543.9986151711158,578,V2.0,434.997
MAR-263,2023-11-02 15:06:04,[],202204_waypoints_DP10_HDBSCAN11_stavanger_2M_UTM,1794132,1515,5609,5,10,HDBSCAN,11,mahalanobis,1.0,0.01,5.0E-4,10,45,1,true,2,0.851063829787234,0.11835106382978723,0.8755730647787942,434.90064243982624,127.51382638365352,997.328120879532,752,V2.0,1485.53
MAR-262,2023-11-02 14:37:04,[],202204_waypoints_DP10_HDBSCAN9_stavanger_2M_UTM,1794132,2011,7348,8,10,HDBSCAN,9,mahalanobis,1.0,0.01,5.0E-4,10,45,1,true,2,0.8537234042553191,0.10904255319148937,0.8822185523052786,527.1895604773601,124.66709412841453,1464.8363862885478,752,V2.0,1502.917
MAR-261,2023-11-02 14:20:13,[],202204_waypoints_DP10_HDBSCAN12_stavanger_2M_UTM,1794132,1351,4992,4,10,HDBSCAN,12,mahalanobis,1.0,0.01,5.0E-4,10,45,1,true,2,0.8523936170212766,0.11835106382978723,0.8777851285132833,500.01821491571667,135.29183978317408,1221.4499942341786,752,V2.0,762.466
MAR-260,2023-11-02 13:56:03,[],202204_waypoints_DP10_HDBSCAN25_stavanger_2M_UTM,1794132,574,1960,8,10,HDBSCAN,25,mahalanobis,1.0,0.01,5.0E-4,10,45,1,true,2,0.773936170212766,0.18617021276595744,0.828104942657252,595.2329107675475,161.81844858454943,1246.8064125035048,752,V2.0,616.287
MAR-259,2023-11-02 13:32:18,[],202204_waypoints_DP10_HDBSCAN20_stavanger_2M_UTM,1794132,725,2563,2,10,HDBSCAN,20,mahalanobis,1.0,0.01,5.0E-4,10,45,1,true,2,0.8351063829787234,0.13962765957446807,0.844698655161762,525.6578500994592,147.3506844305311,1218.182414283223,752,V2.0,1178.8
MAR-258,2023-11-02 13:07:39,[],202204_waypoints_DP10_HDBSCAN15_stavanger_2M_UTM,1794132,1008,3619,5,10,HDBSCAN,15,mahalanobis,1.0,0.01,5.0E-4,10,45,1,true,2,0.8031914893617021,0.14893617021276595,0.8633006929014378,621.9563108734255,143.7655282365373,1624.2368532900402,752,V2.0,1242.159
MAR-257,2023-11-02 12:41:36,[],202204_waypoints_DP10_HDBSCAN13_stavanger_2M_UTM,1794132,1220,4515,4,10,HDBSCAN,13,mahalanobis,1.0,0.01,5.0E-4,10,45,1,true,2,0.8444148936170213,0.125,0.8720560444430685,646.49128798625,136.96806089291357,1828.314692596613,752,V2.0,1336.305
MAR-256,2023-11-02 12:21:10,[],202204_waypoints_DP10_HDBSCAN10_stavanger_2M_UTM,1794132,1738,6360,4,10,HDBSCAN,10,mahalanobis,1.0,0.01,5.0E-4,10,45,1,true,2,0.863031914893617,0.1077127659574468,0.8717253871869649,398.4977926538948,119.63571994038445,930.27145579722,752,V2.0,1073.322
MAR-255,2023-11-02 12:03:11,[],202204_waypoints_DP10_HDBSCAN8_stavanger_2M_UTM,1794132,2362,8546,8,10,HDBSCAN,8,mahalanobis,1.0,0.01,5.0E-4,10,45,1,true,2,0.7992021276595744,0.1196808510638298,0.8874058535555363,1129.6259845729678,143.3529518377306,3358.9547656697864,752,V2.0,902.493
MAR-254,2023-11-02 11:38:54,[],202204_waypoints_DP10_HDBSCAN6_stavanger_2M_UTM,1794132,3643,12817,16,10,HDBSCAN,6,mahalanobis,1.0,0.01,5.0E-4,10,45,1,true,2,0.8191489361702128,0.11303191489361702,0.90157624795428,1372.2934359511714,133.60035253252218,4054.0561153403155,752,V2.0,1301.748
MAR-239,2023-11-01 20:28:43,[],202204_waypoints_DP100_HDBSCAN15_stavanger_full_UTM,5422129,863,3039,19,100,HDBSCAN,15,mahalanobis,1.0,0.01,5.0E-4,200,45,1,true,2,0.660904255319149,0.2726063829787234,0.8708951656444158,555.2770568913975,142.38651977827342,1132.185819902848,752,,992.237
MAR-238,2023-11-01 20:05:05,[],202204_waypoints_DP80_HDBSCAN15_stavanger_full_UTM,5422129,928,3331,17,80,HDBSCAN,15,mahalanobis,1.0,0.01,5.0E-4,200,45,1,true,2,0.6436170212765957,0.2726063829787234,0.8710528738913251,609.9132102480731,143.13829000242472,1296.2763652821325,752,,1249.962
MAR-237,2023-11-01 19:41:32,[],202204_waypoints_DP60_HDBSCAN15_stavanger_full_UTM,5422129,1049,3815,16,60,HDBSCAN,15,mahalanobis,1.0,0.01,5.0E-4,200,45,1,true,2,0.6502659574468085,0.24468085106382978,0.8659409427458837,1114.0725475326346,159.69946485672932,3383.5897614680034,752,,1214.687
MAR-235,2023-11-01 19:09:12,[],202204_waypoints_DP40_HDBSCAN15_stavanger_full_UTM,5422129,1206,4589,14,40,HDBSCAN,15,mahalanobis,1.0,0.01,5.0E-4,200,45,1,true,2,0.7021276595744681,0.19547872340425532,0.8717929538893812,507.56762680381536,138.8983995018968,1016.0366556881498,752,,1375.233
MAR-234,2023-11-01 18:30:22,[],202204_waypoints_DP20_HDBSCAN15_stavanger_full_UTM,5422129,1584,6332,16,20,HDBSCAN,15,mahalanobis,1.0,0.01,5.0E-4,200,45,1,true,2,0.7486702127659575,0.14893617021276595,0.8832053144439153,432.6194230329426,129.70826890739673,934.4993651108811,752,,1714.759
MAR-233,2023-11-01 17:13:41,"[""Oslo"",""August 22""]",202208_waypoints_DP10_HDBSCAN15_oslo_full_UTM,2173821,1081,3921,3,10,HDBSCAN,15,mahalanobis,1.0,0.01,5.0E-4,200,45,1,true,2,0.8991596638655462,0.09803921568627451,0.9477813824356424,199.8181609651187,84.15038329377583,346.73331442389855,714,,881.976
MAR-232,2023-11-01 16:54:03,"[""Oslo"",""August 22""]",202208_waypoints_DP10_HDBSCAN14_oslo_full_UTM,2173821,1171,4268,2,10,HDBSCAN,14,mahalanobis,1.0,0.01,5.0E-4,200,45,1,true,2,0.9019607843137255,0.09663865546218488,0.941607627722134,206.06665463247876,84.2323316851444,444.6029682614408,714,,901.444
MAR-231,2023-11-01 16:31:58,"[""Oslo"",""August 22""]",202208_waypoints_DP10_HDBSCAN13_oslo_full_UTM,2173821,1268,4748,2,10,HDBSCAN,13,mahalanobis,1.0,0.01,5.0E-4,200,45,1,true,2,0.9117647058823529,0.08683473389355742,0.9429631132426771,186.98383262743968,81.52445012512871,312.94873969620807,714,,1048.983
MAR-230,2023-11-01 16:25:49,[],202204_waypoints_DP10_HDBSCAN8_tromso_full_UTM_filtered,796177,991,3012,1,10,HDBSCAN,8,mahalanobis,1.0,0.01,5.0E-4,200,45,1,true,2,0.8933717579250721,0.10662824207492795,0.9040135610212606,130.01076237036006,74.64042858200867,236.69728643999997,347,,0.715
MAR-229,2023-11-01 16:10:48,"[""Oslo"",""August 22""]",202208_waypoints_DP10_HDBSCAN12_oslo_full_UTM,2173821,1407,5253,4,10,HDBSCAN,12,mahalanobis,1.0,0.01,5.0E-4,200,45,1,true,2,0.8977591036414566,0.08823529411764706,0.9472250990141212,236.6857589437648,82.62720308077158,568.1645835717106,714,,983.014
MAR-228,2023-11-01 15:48:12,"[""Oslo"",""August 22""]",202208_waypoints_DP10_HDBSCAN11_oslo_full_UTM,2173821,1610,6236,5,10,HDBSCAN,11,mahalanobis,1.0,0.01,5.0E-4,200,45,1,true,2,0.896358543417367,0.09103641456582633,0.9513204094711709,271.5594159669042,81.84255909442695,736.4782016518444,714,,1077.182
MAR-227,2023-11-01 15:24:54,"[""Oslo"",""August 22""]",202208_waypoints_DP10_HDBSCAN10_oslo_full_UTM,2173821,1848,7240,8,10,HDBSCAN,10,mahalanobis,1.0,0.01,5.0E-4,200,45,1,true,2,0.9033613445378151,0.0784313725490196,0.9523325758171571,255.02600151877402,82.61551498056788,631.2658686795419,714,,1113.949
MAR-226,2023-11-01 14:54:01,"[""Oslo"",""August 22""]",202208_waypoints_DP10_HDBSCAN9_oslo_full_UTM,2173821,2201,8831,13,10,HDBSCAN,9,mahalanobis,1.0,0.01,5.0E-4,200,45,1,true,2,0.8935574229691877,0.08823529411764706,0.9559461880630346,242.3857578302896,77.22222344103662,614.3543524622835,714,,1567.771
MAR-225,2023-11-01 14:24:34,"[""Oslo"",""August 22""]",202208_waypoints_DP10_HDBSCAN8_oslo_full_UTM,2173821,2598,10998,15,10,HDBSCAN,8,mahalanobis,1.0,0.01,5.0E-4,200,45,1,true,2,0.8949579831932774,0.08683473389355742,0.9589503685589493,262.8382417060632,76.2647655788481,608.9196637293265,714,,1487.728
MAR-219,2023-11-01 02:30:55,"[""Stavanger"",""April 22""]",202204_waypoints_DP10_HDBSCAN10_stavanger_2M_UTM,1794132,1738,7965,4,10,HDBSCAN,10,mahalanobis,1.0,0.01,5.0E-4,1000,60,1,true,2,0.9148936170212766,0.0851063829787234,0.874302519604119,354.2949137103852,117.0497686451217,848.0394109435268,752,,871.965
MAR-218,2023-11-01 02:14:09,"[""Stavanger"",""April 22""]",202204_waypoints_DP10_HDBSCAN10_stavanger_2M_UTM,1794132,1738,7092,4,10,HDBSCAN,10,mahalanobis,1.0,0.01,5.0E-4,1000,45,1,true,2,0.9148936170212766,0.0851063829787234,0.874302519604119,358.7197616920695,115.15495594040425,996.171209232395,752,,852.272
MAR-217,2023-11-01 01:57:36,"[""Stavanger"",""April 22""]",202204_waypoints_DP10_HDBSCAN10_stavanger_2M_UTM,1794132,1738,6424,6,10,HDBSCAN,10,mahalanobis,1.0,0.01,5.0E-4,1000,30,1,true,2,0.9122340425531915,0.08643617021276596,0.8744667301141154,318.13332190168717,113.57138242314218,643.2018113620154,752,,837.047
MAR-216,2023-11-01 01:41:19,"[""Stavanger"",""April 22""]",202204_waypoints_DP10_HDBSCAN10_stavanger_2M_UTM,1794132,1738,6185,9,10,HDBSCAN,10,mahalanobis,1.0,0.01,5.0E-4,1000,20,1,true,2,0.8843085106382979,0.1023936170212766,0.8743655847800378,411.4537838648518,117.77748734671289,1276.3888247761304,752,,824.831
MAR-215,2023-11-01 01:24:28,"[""Stavanger"",""April 22""]",202204_waypoints_DP10_HDBSCAN10_stavanger_2M_UTM,1794132,1738,7219,4,10,HDBSCAN,10,mahalanobis,1.0,0.01,5.0E-4,800,60,1,true,2,0.9148936170212766,0.0851063829787234,0.874302519604119,328.97232196077306,117.13125044323618,663.0524633909812,752,,836.432
MAR-214,2023-11-01 01:07:55,"[""Stavanger"",""April 22""]",202204_waypoints_DP10_HDBSCAN10_stavanger_2M_UTM,1794132,1738,6415,4,10,HDBSCAN,10,mahalanobis,1.0,0.01,5.0E-4,800,45,1,true,2,0.9148936170212766,0.0851063829787234,0.874302519604119,317.72613210676684,116.18938571342116,625.0457180379594,752,,839.695
MAR-213,2023-11-01 00:51:31,"[""Stavanger"",""April 22""]",202204_waypoints_DP10_HDBSCAN10_stavanger_2M_UTM,1794132,1738,5920,6,10,HDBSCAN,10,mahalanobis,1.0,0.01,5.0E-4,800,30,1,true,2,0.9122340425531915,0.08643617021276596,0.8744667301141154,299.0078152583048,113.1871844873121,614.1765934706099,752,,831.409
MAR-212,2023-11-01 00:35:22,"[""Stavanger"",""April 22""]",202204_waypoints_DP10_HDBSCAN10_stavanger_2M_UTM,1794132,1738,5754,9,10,HDBSCAN,10,mahalanobis,1.0,0.01,5.0E-4,800,20,1,true,2,0.8843085106382979,0.10372340425531915,0.8745345781766234,464.5186319944186,119.13078474030034,1403.0648501374058,752,,815.458
MAR-211,2023-11-01 00:18:49,"[""Stavanger"",""April 22""]",202204_waypoints_DP10_HDBSCAN10_stavanger_2M_UTM,1794132,1738,6819,4,10,HDBSCAN,10,mahalanobis,1.0,0.01,5.0E-4,700,60,1,true,2,0.913563829787234,0.0851063829787234,0.874302519604119,328.7037097666236,116.5065029384011,698.9527926198732,752,,818.786
MAR-210,2023-11-01 00:02:24,"[""Stavanger"",""April 22""]",202204_waypoints_DP10_HDBSCAN10_stavanger_2M_UTM,1794132,1738,6119,4,10,HDBSCAN,10,mahalanobis,1.0,0.01,5.0E-4,700,45,1,true,2,0.9122340425531915,0.08643617021276596,0.8744667301141154,306.557136670081,115.21814734164468,651.5351051387491,752,,832.294
MAR-209,2023-10-31 23:46:13,"[""Stavanger"",""April 22""]",202204_waypoints_DP10_HDBSCAN10_stavanger_2M_UTM,1794132,1738,5645,6,10,HDBSCAN,10,mahalanobis,1.0,0.01,5.0E-4,700,30,1,true,2,0.9122340425531915,0.08643617021276596,0.8744667301141154,322.29556825102725,113.5061756347982,713.5884496882425,752,,818.033
MAR-208,2023-10-31 23:30:14,"[""Stavanger"",""April 22""]",202204_waypoints_DP10_HDBSCAN10_stavanger_2M_UTM,1794132,1738,5494,9,10,HDBSCAN,10,mahalanobis,1.0,0.01,5.0E-4,700,20,1,true,2,0.8843085106382979,0.10372340425531915,0.8745345781766234,439.39836619071315,118.3707652333955,1355.8546176650004,752,,805.695
MAR-207,2023-10-31 23:13:45,"[""Stavanger"",""April 22""]",202204_waypoints_DP10_HDBSCAN10_stavanger_2M_UTM,1794132,1738,6513,4,10,HDBSCAN,10,mahalanobis,1.0,0.01,5.0E-4,600,60,1,true,2,0.913563829787234,0.0851063829787234,0.874302519604119,333.3882324573223,114.4851513776121,795.6484258360099,752,,835.477
MAR-205,2023-10-31 22:32:51,"[""Stavanger"",""April 22""]",202204_waypoints_DP10_HDBSCAN10_stavanger_2M_UTM,1794132,1738,5903,4,10,HDBSCAN,10,mahalanobis,1.0,0.01,5.0E-4,600,45,1,true,2,0.9122340425531915,0.08643617021276596,0.8744667301141154,290.96984088423477,114.20341155326165,575.1254844887576,752,,1254.759
MAR-204,2023-10-31 22:09:19,"[""Stavanger"",""April 22""]",202204_waypoints_DP10_HDBSCAN10_stavanger_2M_UTM,1794132,1738,5442,6,10,HDBSCAN,10,mahalanobis,1.0,0.01,5.0E-4,600,30,1,true,2,0.9122340425531915,0.08643617021276596,0.8744667301141154,301.58643815176276,111.30618251263243,625.8273883821674,752,,1206.744
MAR-203,2023-10-31 21:45:21,"[""Stavanger"",""April 22""]",202204_waypoints_DP10_HDBSCAN10_stavanger_2M_UTM,1794132,1738,5289,9,10,HDBSCAN,10,mahalanobis,1.0,0.01,5.0E-4,600,20,1,true,2,0.8829787234042553,0.10372340425531915,0.8745345781766234,441.59672160482893,115.84659355136517,1371.2728748874972,752,,1253.182
MAR-202,2023-10-31 21:01:47,"[""Stavanger"",""April 22""]",202204_waypoints_DP10_HDBSCAN10_stavanger_2M_UTM,1794132,1738,6240,4,10,HDBSCAN,10,mahalanobis,1.0,0.01,5.0E-4,500,60,1,true,2,0.913563829787234,0.0851063829787234,0.874302519604119,330.3109016435426,112.47584072028906,799.809212794541,752,,1219.607
MAR-201,2023-10-31 20:37:38,"[""Stavanger"",""April 22""]",202204_waypoints_DP10_HDBSCAN10_stavanger_2M_UTM,1794132,1738,5654,4,10,HDBSCAN,10,mahalanobis,1.0,0.01,5.0E-4,500,45,1,true,2,0.910904255319149,0.08643617021276596,0.8744667301141154,282.69861757091167,111.82288645410284,558.7611643898155,752,,1254.668
MAR-200,2023-10-31 20:13:48,"[""Stavanger"",""April 22""]",202204_waypoints_DP10_HDBSCAN10_stavanger_2M_UTM,1794132,1738,5193,6,10,HDBSCAN,10,mahalanobis,1.0,0.01,5.0E-4,500,30,1,true,2,0.9122340425531915,0.08643617021276596,0.8744667301141154,289.5136372893925,109.73296253422194,609.8763644136938,752,,1238.737
MAR-199,2023-10-31 19:50:12,"[""Stavanger"",""April 22""]",202204_waypoints_DP10_HDBSCAN10_stavanger_2M_UTM,1794132,1738,5115,10,10,HDBSCAN,10,mahalanobis,1.0,0.01,5.0E-4,500,20,1,true,2,0.8829787234042553,0.10372340425531915,0.8745345781766234,419.4527599601342,113.53180847741814,1337.4242579688457,752,,1211.066
MAR-198,2023-10-31 19:25:25,"[""Stavanger"",""April 22""]",202204_waypoints_DP10_HDBSCAN10_stavanger_2M_UTM,1794132,1738,5812,4,10,HDBSCAN,10,mahalanobis,1.0,0.01,5.0E-4,400,60,1,true,2,0.913563829787234,0.0851063829787234,0.874302519604119,309.1196159272439,111.04009803331196,677.5671505628866,752,,1097.113
MAR-197,2023-10-31 19:00:04,"[""Stavanger"",""April 22""]",202204_waypoints_DP10_HDBSCAN10_stavanger_2M_UTM,1794132,1738,5321,4,10,HDBSCAN,10,mahalanobis,1.0,0.01,5.0E-4,400,45,1,true,2,0.9082446808510638,0.08643617021276596,0.8744667301141154,393.52087565816856,112.49099034370565,1434.1934470966949,752,,1366.976
MAR-196,2023-10-31 18:44:14,"[""Stavanger"",""April 22""]",202204_waypoints_DP10_HDBSCAN10_stavanger_2M_UTM,1794132,1738,4950,6,10,HDBSCAN,10,mahalanobis,1.0,0.01,5.0E-4,400,30,1,true,2,0.9029255319148937,0.09574468085106383,0.8741792008465515,285.47677073977474,109.67917483042513,588.9270415538386,752,,797.579
MAR-195,2023-10-31 18:28:19,"[""Stavanger"",""April 22""]",202204_waypoints_DP10_HDBSCAN10_stavanger_2M_UTM,1794132,1738,4901,10,10,HDBSCAN,10,mahalanobis,1.0,0.01,5.0E-4,400,20,1,true,2,0.8803191489361702,0.10372340425531915,0.8745345781766234,436.79173270158566,113.92608090709783,1371.0423332202731,752,,800.996
MAR-194,2023-10-31 18:04:37,"[""Stavanger"",""April 22""]",202204_waypoints_DP10_HDBSCAN10_stavanger_2M_UTM,1794132,1738,5470,4,10,HDBSCAN,10,mahalanobis,1.0,0.01,5.0E-4,300,60,1,true,2,0.9122340425531915,0.0851063829787234,0.874302519604119,310.9011176497342,109.08159013167939,691.6795336609082,752,,782.107
MAR-193,2023-10-31 17:48:42,"[""Stavanger"",""April 22""]",202204_waypoints_DP10_HDBSCAN10_stavanger_2M_UTM,1794132,1738,5003,4,10,HDBSCAN,10,mahalanobis,1.0,0.01,5.0E-4,300,45,1,true,2,0.898936170212766,0.09574468085106383,0.8741792008465515,307.29350651035276,110.92813774457477,658.3376966915691,752,,800.962
MAR-192,2023-10-31 17:33:07,"[""Stavanger"",""April 22""]",202204_waypoints_DP10_HDBSCAN10_stavanger_2M_UTM,1794132,1738,4687,6,10,HDBSCAN,10,mahalanobis,1.0,0.01,5.0E-4,300,30,1,true,2,0.8962765957446809,0.09574468085106383,0.8741792008465515,433.7259442279373,112.07332495501905,1579.773979404126,752,,780.315
MAR-191,2023-10-31 17:16:58,"[""Stavanger"",""April 22""]",202204_waypoints_DP10_HDBSCAN10_stavanger_2M_UTM,1794132,1738,4745,10,10,HDBSCAN,10,mahalanobis,1.0,0.01,5.0E-4,300,20,1,true,2,0.8776595744680851,0.10372340425531915,0.8745345781766234,594.8450030697818,116.21864895738561,1959.9832984513735,752,,784.195
MAR-190,2023-10-31 16:34:29,"[""Stavanger"",""April 22""]",202204_waypoints_DP10_HDBSCAN10_stavanger_2M_UTM,1794132,1738,7921,5,10,HDBSCAN,10,mahalanobis,1.0,0.01,5.0E-4,200,60,1,true,2,0.913563829787234,0.0851063829787234,0.874302519604119,297.1433667021361,104.83855968666037,668.032245202734,752,,842.498
MAR-188,2023-10-31 16:17:36,"[""Stavanger"",""April 22""]",202204_waypoints_DP10_HDBSCAN10_stavanger_2M_UTM,1794132,1738,6939,5,10,HDBSCAN,10,mahalanobis,1.0,0.01,5.0E-4,100,60,1,true,2,0.9042553191489362,0.09441489361702128,0.8740137246327339,304.4880583302402,103.9748544487845,688.9434112942045,752,,855.11
MAR-187,2023-10-31 16:00:41,"[""Stavanger"",""April 22""]",202204_waypoints_DP10_HDBSCAN10_stavanger_2M_UTM,1794132,1738,6701,5,10,HDBSCAN,10,mahalanobis,1.0,0.01,5.0E-4,50,60,1,true,2,0.9042553191489362,0.09441489361702128,0.8740137246327339,315.14365252808216,104.20918272268959,737.3176105608507,752,,829.8
MAR-186,2023-10-31 15:42:17,"[""Stavanger"",""April 22""]",202204_waypoints_DP10_HDBSCAN10_stavanger_2M_UTM,1794132,1738,6683,5,10,HDBSCAN,10,mahalanobis,1.0,0.01,5.0E-4,20,60,1,true,2,0.9029255319148937,0.09441489361702128,0.8740137246327339,330.1054851232443,104.85350952820266,757.0273257296817,752,,941.902
MAR-185,2023-10-31 15:24:05,"[""Stavanger"",""April 22""]",202204_waypoints_DP10_HDBSCAN10_stavanger_2M_UTM,1794132,1738,6826,5,10,HDBSCAN,10,mahalanobis,1.0,0.01,5.0E-4,10,60,1,true,2,0.9029255319148937,0.09441489361702128,0.8740137246327339,325.0606657029611,105.1473607854694,736.8519433838177,752,,926.528
MAR-184,2023-10-31 15:07:32,"[""Stavanger"",""April 22""]",202204_waypoints_DP10_HDBSCAN10_stavanger_2M_UTM,1794132,1738,7138,5,10,HDBSCAN,10,mahalanobis,1.0,0.01,5.0E-4,1,60,1,true,2,0.8696808510638298,0.10638297872340426,0.8744257743958467,358.2434993824365,110.83187474638902,818.0526181970254,752,,836.745
MAR-183,2023-10-31 15:06:44,"[""Stavanger"",""April 22""]",202204_waypoints_DP10_HDBSCAN15_stavanger_full_UTM_filtered,5422129,2205,9379,19,10,HDBSCAN,15,mahalanobis,1.0,0.01,5.0E-4,200,45,1,true,2,0.8377659574468085,0.14361702127659576,0.8924057370852077,255.16722795046329,103.8650030458106,526.7870915659574,752,,0.879
MAR-182,2023-10-31 14:50:24,"[""Stavanger"",""April 22""]",202204_waypoints_DP10_HDBSCAN10_stavanger_2M_UTM,1794132,1738,6310,11,10,HDBSCAN,10,mahalanobis,1.0,0.01,5.0E-4,200,20,1,true,2,0.8803191489361702,0.09441489361702128,0.8748209878176011,515.5417747112368,114.27017461246899,1462.2233817605427,752,,867.007
MAR-181,2023-10-31 14:33:33,"[""Stavanger"",""April 22""]",202204_waypoints_DP10_HDBSCAN10_stavanger_2M_UTM,1794132,1738,5872,11,10,HDBSCAN,10,mahalanobis,1.0,0.01,5.0E-4,100,20,1,true,2,0.8789893617021277,0.10505319148936171,0.8743481511011058,435.07141033046423,109.34595649648787,1245.8457623603954,752,,850.96
MAR-180,2023-10-31 14:05:31,"[""Stavanger"",""April 22""]",202204_waypoints_DP10_HDBSCAN10_stavanger_2M_UTM,1794132,1738,5960,11,10,HDBSCAN,10,mahalanobis,1.0,0.01,5.0E-4,50,20,1,true,2,0.8763297872340425,0.10638297872340426,0.8741754916943817,455.5081105976311,109.16543309607769,1282.9756888738466,752,,1382.578
MAR-179,2023-10-31 13:43:05,"[""Stavanger"",""April 22""]",202204_waypoints_DP10_HDBSCAN10_stavanger_2M_UTM,1794132,1738,6136,11,10,HDBSCAN,10,mahalanobis,1.0,0.01,5.0E-4,20,20,1,true,2,0.8417553191489362,0.11835106382978723,0.8745953308261564,517.7875206541312,116.21677158345973,1416.8537817777567,752,,1188.208
MAR-178,2023-10-31 13:25:17,"[""Stavanger"",""April 22""]",202204_waypoints_DP10_HDBSCAN10_stavanger_2M_UTM,1794132,1738,6340,11,10,HDBSCAN,10,mahalanobis,1.0,0.01,5.0E-4,10,20,1,true,2,0.8404255319148937,0.11835106382978723,0.8745953308261564,505.0252514520045,116.81242467195568,1337.3596143272246,752,,893.146
MAR-177,2023-10-31 13:07:46,"[""Stavanger"",""April 22""]",202204_waypoints_DP10_HDBSCAN10_stavanger_2M_UTM,1794132,1738,6675,11,10,HDBSCAN,10,mahalanobis,1.0,0.01,5.0E-4,1,20,1,true,2,0.8311170212765957,0.11835106382978723,0.8745953308261564,570.6795271213575,121.95656274172944,1525.3543199573803,752,,892.913
MAR-176,2023-10-31 12:46:24,"[""Stavanger"",""April 22""]",202204_waypoints_DP10_HDBSCAN10_stavanger_2M_UTM,1794132,1738,6795,7,10,HDBSCAN,10,mahalanobis,1.0,0.01,5.0E-4,200,30,1,true,2,0.9095744680851063,0.08643617021276596,0.8744667301141154,294.1815261503889,104.10083103962307,646.4656453907656,752,,1015.81
MAR-175,2023-10-31 12:17:25,"[""Stavanger"",""April 22""]",202204_waypoints_DP10_HDBSCAN10_stavanger_2M_UTM,1794132,1738,6181,7,10,HDBSCAN,10,mahalanobis,1.0,0.01,5.0E-4,100,30,1,true,2,0.898936170212766,0.09574468085106383,0.8741792008465515,305.769376108211,104.52963941960337,658.093607988035,752,,1497.558
MAR-174,2023-10-31 11:56:03,"[""Stavanger"",""April 22""]",202204_waypoints_DP10_HDBSCAN10_stavanger_2M_UTM,1794132,1738,6134,7,10,HDBSCAN,10,mahalanobis,1.0,0.01,5.0E-4,50,30,1,true,2,0.898936170212766,0.09574468085106383,0.8741792008465515,298.0639924980969,103.48307115077382,639.3876617230343,752,,1114.895
MAR-173,2023-10-31 11:39:15,"[""Stavanger"",""April 22""]",202204_waypoints_DP10_HDBSCAN10_stavanger_2M_UTM,1794132,1738,6252,7,10,HDBSCAN,10,mahalanobis,1.0,0.01,5.0E-4,20,30,1,true,2,0.8936170212765957,0.09707446808510638,0.8739938977550148,347.4516690299703,105.33027684131494,835.9928803114542,752,,842.719
MAR-172,2023-10-31 11:22:51,"[""Stavanger"",""April 22""]",202204_waypoints_DP10_HDBSCAN10_stavanger_2M_UTM,1794132,1738,6434,7,10,HDBSCAN,10,mahalanobis,1.0,0.01,5.0E-4,10,30,1,true,2,0.8603723404255319,0.10904255319148937,0.8744069111862273,371.26553711284896,110.57712855787479,883.6543587253041,752,,809.544
MAR-171,2023-10-31 11:05:55,"[""Stavanger"",""April 22""]",202204_waypoints_DP10_HDBSCAN10_stavanger_2M_UTM,1794132,1738,6741,7,10,HDBSCAN,10,mahalanobis,1.0,0.01,5.0E-4,1,30,1,true,2,0.8590425531914894,0.10904255319148937,0.8744069111862273,390.5139332918579,111.37252140575325,926.2072415147288,752,,849.844
MAR-170,2023-10-31 10:48:06,"[""Stavanger"",""April 22""]",202204_waypoints_DP10_HDBSCAN10_stavanger_2M_UTM,1794132,1738,7418,6,10,HDBSCAN,10,mahalanobis,1.0,0.01,5.0E-4,200,45,1,true,2,0.910904255319149,0.08643617021276596,0.8744667301141154,288.32939179790895,104.68116377146485,626.6380525848128,752,,889.277
MAR-169,2023-10-31 10:31:46,"[""Stavanger"",""April 22""]",202204_waypoints_DP10_HDBSCAN10_stavanger_2M_UTM,1794132,1738,6603,6,10,HDBSCAN,10,mahalanobis,1.0,0.01,5.0E-4,100,45,1,true,2,0.9002659574468085,0.09574468085106383,0.8741792008465515,298.4163198040388,104.53118070344007,646.4274357595019,752,,806.308
MAR-168,2023-10-31 10:15:52,"[""Stavanger"",""April 22""]",202204_waypoints_DP10_HDBSCAN10_stavanger_2M_UTM,1794132,1738,6441,6,10,HDBSCAN,10,mahalanobis,1.0,0.01,5.0E-4,50,45,1,true,2,0.9002659574468085,0.09574468085106383,0.8741792008465515,299.08449766827584,104.00415321299562,666.9947522066176,752,,800.431
MAR-167,2023-10-31 09:59:59,"[""Stavanger"",""April 22""]",202204_waypoints_DP10_HDBSCAN10_stavanger_2M_UTM,1794132,1738,6476,6,10,HDBSCAN,10,mahalanobis,1.0,0.01,5.0E-4,20,45,1,true,2,0.898936170212766,0.09574468085106383,0.8741792008465515,318.9576193026291,104.31639947892104,733.7713500240305,752,,799.037
MAR-166,2023-10-31 09:33:01,"[""Stavanger"",""April 22""]",202204_waypoints_DP10_HDBSCAN10_stavanger_2M_UTM,1794132,1738,6951,6,10,HDBSCAN,10,mahalanobis,1.0,0.01,5.0E-4,1,45,1,true,2,0.8656914893617021,0.1077127659574468,0.8745940841948916,353.57139319675224,110.74522176668358,819.506299680827,752,,1398.354
MAR-164,2023-10-31 00:47:34,"[""Stavanger"",""April 22""]",202204_waypoints_DP100_HDBSCAN10_stavanger_2M_UTM,1794132,602,1961,6,100,HDBSCAN,10,mahalanobis,1.0,0.01,5.0E-4,10,45,1,true,2,0.7712765957446809,0.2074468085106383,0.8219440872876395,546.9765181589398,123.33825003325188,1370.6216425335094,752,,333.035
MAR-163,2023-10-31 00:41:24,"[""Stavanger"",""April 22""]",202204_waypoints_DP80_HDBSCAN10_stavanger_2M_UTM,1794132,638,2106,9,80,HDBSCAN,10,mahalanobis,1.0,0.01,5.0E-4,10,45,1,true,2,0.7327127659574468,0.22074468085106383,0.829734043484316,561.4731168943471,130.06934191533344,1247.9618584175375,752,,369.481
MAR-162,2023-10-31 00:34:28,"[""Stavanger"",""April 22""]",202204_waypoints_DP60_HDBSCAN10_stavanger_2M_UTM,1794132,743,2539,7,60,HDBSCAN,10,mahalanobis,1.0,0.01,5.0E-4,10,45,1,true,2,0.7659574468085106,0.18882978723404256,0.8429081994392845,681.3835128389373,131.68020277330015,1961.7695710185535,752,,391.387
MAR-161,2023-10-31 00:27:05,"[""Stavanger"",""April 22""]",202204_waypoints_DP50_HDBSCAN10_stavanger_2M_UTM,1794132,789,2715,5,50,HDBSCAN,10,mahalanobis,1.0,0.01,5.0E-4,10,45,1,true,2,0.7938829787234043,0.17154255319148937,0.8444403064963828,468.48511714686094,115.42994748197212,1184.3402155326032,752,,410.972
MAR-160,2023-10-31 00:19:23,"[""Stavanger"",""April 22""]",202204_waypoints_DP40_HDBSCAN10_stavanger_2M_UTM,1794132,857,3042,6,40,HDBSCAN,10,mahalanobis,1.0,0.01,5.0E-4,10,45,1,true,2,0.788563829787234,0.17819148936170212,0.850599188540008,797.662179902199,124.523382317115,2363.0643413143407,752,,422.869
MAR-159,2023-10-31 00:10:41,"[""Stavanger"",""April 22""]",202204_waypoints_DP30_HDBSCAN10_stavanger_2M_UTM,1794132,971,3477,6,30,HDBSCAN,10,mahalanobis,1.0,0.01,5.0E-4,10,45,1,true,2,0.7726063829787234,0.17154255319148937,0.8626098910564898,859.3134152976734,129.42861930234716,2447.655178308073,752,,457.71
MAR-158,2023-10-31 00:00:25,"[""Stavanger"",""April 22""]",202204_waypoints_DP20_HDBSCAN10_stavanger_2M_UTM,1794132,1163,4357,6,20,HDBSCAN,10,mahalanobis,1.0,0.01,5.0E-4,10,45,1,true,2,0.8191489361702128,0.14095744680851063,0.8752475454140116,718.0912120373641,133.02901513733303,2109.866787340924,752,,552.169
MAR-157,2023-10-30 23:54:57,"[""Stavanger"",""April 22""]",202204_waypoints_DP100_HDBSCAN15_stavanger_2M_UTM,1794132,410,1207,11,100,HDBSCAN,15,mahalanobis,1.0,0.01,5.0E-4,10,45,1,true,2,0.7074468085106383,0.2473404255319149,0.8071547251614025,720.8859411904256,167.3844939494939,1696.6903945799272,752,,306.308
MAR-156,2023-10-30 23:49:14,"[""Stavanger"",""April 22""]",202204_waypoints_DP80_HDBSCAN15_stavanger_2M_UTM,1794132,437,1301,9,80,HDBSCAN,15,mahalanobis,1.0,0.01,5.0E-4,10,45,1,true,2,0.6728723404255319,0.26595744680851063,0.81025213698523,666.3577645617535,154.0640866272181,1440.571853459261,752,,342.643
MAR-155,2023-10-30 23:43:02,"[""Stavanger"",""April 22""]",202204_waypoints_DP60_HDBSCAN15_stavanger_2M_UTM,1794132,485,1486,9,60,HDBSCAN,15,mahalanobis,1.0,0.01,5.0E-4,10,45,1,true,2,0.7127659574468085,0.2300531914893617,0.8107518727178453,587.9284455877132,148.44258661535082,1184.1982968854352,752,,348.465
MAR-154,2023-10-30 23:36:34,"[""Stavanger"",""April 22""]",202204_waypoints_DP50_HDBSCAN15_stavanger_2M_UTM,1794132,508,1574,9,50,HDBSCAN,15,mahalanobis,1.0,0.01,5.0E-4,10,45,1,true,2,0.7101063829787234,0.22340425531914893,0.8322379478144993,733.6018831624126,153.3360326166379,1685.9056662980647,752,,357.156
MAR-153,2023-10-30 23:29:33,"[""Stavanger"",""April 22""]",202204_waypoints_DP40_HDBSCAN15_stavanger_2M_UTM,1794132,558,1775,7,40,HDBSCAN,15,mahalanobis,1.0,0.01,5.0E-4,10,45,1,true,2,0.7726063829787234,0.1875,0.8392691475008967,595.7589629531537,140.81170425844562,1359.0510671338093,752,,382.676
MAR-152,2023-10-30 23:21:40,"[""Stavanger"",""April 22""]",202204_waypoints_DP30_HDBSCAN15_stavanger_2M_UTM,1794132,616,2129,5,30,HDBSCAN,15,mahalanobis,1.0,0.01,5.0E-4,10,45,1,true,2,0.8204787234042553,0.16090425531914893,0.850428990831342,533.361939059672,131.7605805161118,1280.30048377739,752,,426.428
MAR-151,2023-10-30 23:12:26,"[""Stavanger"",""April 22""]",202204_waypoints_DP20_HDBSCAN15_stavanger_2M_UTM,1794132,718,2587,4,20,HDBSCAN,15,mahalanobis,1.0,0.01,5.0E-4,10,45,1,true,2,0.8045212765957447,0.1675531914893617,0.858110839758064,510.8838597296572,138.01740609542978,1075.2969025890377,752,,487.036
MAR-150,2023-10-30 22:44:30,"[""Stavanger"",""April 22""]",202204_waypoints_DP10_HDBSCAN12_stavanger_2M_UTM,1794132,1034,4983,6,10,HDBSCAN,12,mahalanobis,1.0,0.01,1.0E-6,10,45,1,true,2,0.7539893617021277,0.17287234042553193,0.8616458647363751,583.4603061777399,163.6552989680435,1229.1866293698724,752,,1074.253
MAR-149,2023-10-30 22:23:14,"[""Stavanger"",""April 22""]",202204_waypoints_DP10_HDBSCAN12_stavanger_2M_UTM,1794132,1059,4054,7,10,HDBSCAN,12,mahalanobis,1.0,0.01,1.0E-5,10,45,1,true,2,0.7539893617021277,0.15558510638297873,0.8783562778694571,505.7271943428404,150.83654381344022,1090.457310683859,752,,1066.126
MAR-147,2023-10-30 21:40:46,"[""Stavanger"",""April 22""]",202204_waypoints_DP10_HDBSCAN12_stavanger_2M_UTM,1794132,1351,5200,5,10,HDBSCAN,12,mahalanobis,1.0,0.01,5.0E-4,10,45,1,true,2,0.8882978723404256,0.10904255319148937,0.8791715911946529,355.76006567917796,114.20996980441319,778.370777279789,752,,1082.613
MAR-146,2023-10-30 21:18:36,"[""Stavanger"",""April 22""]",202204_waypoints_DP10_HDBSCAN12_stavanger_2M_UTM,1794132,1382,5401,6,10,HDBSCAN,12,mahalanobis,1.0,0.01,0.001,10,45,1,true,2,0.8670212765957447,0.11569148936170212,0.8731348578209918,365.4963259929692,117.46474292539588,797.3116927314148,752,,1149.524
MAR-145,2023-10-30 20:56:30,"[""Stavanger"",""April 22""]",202204_waypoints_DP10_HDBSCAN12_stavanger_2M_UTM,1794132,1421,5537,7,10,HDBSCAN,12,mahalanobis,1.0,0.01,0.01,10,45,1,true,2,0.8098404255319149,0.14893617021276595,0.8672419701487056,424.9022330794403,126.6423097738635,949.5793762288647,752,,1118.701
MAR-144,2023-10-30 20:32:00,"[""Stavanger"",""April 22""]",202204_waypoints_DP10_HDBSCAN10_stavanger_2M_UTM,1794132,1378,6794,8,10,HDBSCAN,10,mahalanobis,1.0,0.01,1.0E-6,10,45,1,true,2,0.7872340425531915,0.15558510638297873,0.8710882059275029,741.4329849326982,153.77288921057405,2102.8651342194485,752,,1263.283
MAR-143,2023-10-30 20:09:32,"[""Stavanger"",""April 22""]",202204_waypoints_DP10_HDBSCAN10_stavanger_2M_UTM,1794132,1392,5485,7,10,HDBSCAN,10,mahalanobis,1.0,0.01,1.0E-5,10,45,1,true,2,0.785904255319149,0.13297872340425532,0.878431112698593,511.4886490858581,134.16260843277848,1353.8935998555557,752,,1149.286
MAR-141,2023-10-30 19:21:48,"[""Stavanger"",""April 22""]",202204_waypoints_DP10_HDBSCAN10_stavanger_2M_UTM,1794132,1738,6639,6,10,HDBSCAN,10,mahalanobis,1.0,0.01,5.0E-4,10,45,1,true,2,0.898936170212766,0.09574468085106383,0.8741792008465515,320.790870540149,104.8289635798755,738.1728696290072,752,,1296.442
MAR-140,2023-10-30 19:05:28,"[""Stavanger"",""April 22""]",202204_waypoints_DP10_HDBSCAN10_stavanger_2M_UTM,1794132,1779,6873,6,10,HDBSCAN,10,mahalanobis,1.0,0.01,0.001,10,45,1,true,2,0.8936170212765957,0.09574468085106383,0.8767130312136832,344.6645397700409,106.81078463984844,829.8556315072025,752,,828.277
MAR-139,2023-10-30 18:48:57,"[""Stavanger"",""April 22""]",202204_waypoints_DP10_HDBSCAN10_stavanger_2M_UTM,1794132,1868,7334,7,10,HDBSCAN,10,mahalanobis,1.0,0.01,0.01,10,45,1,true,2,0.8577127659574468,0.11303191489361702,0.8767341106351085,358.57862829901524,108.29662884892154,837.507487109118,752,,839.298
MAR-138,2023-10-30 18:35:20,"[""Stavanger"",""April 22""]",202204_waypoints_DP10_HDBSCAN15_stavanger_2M_UTM,1794132,1070,4141,7,10,HDBSCAN,15,mahalanobis,1.0,0.01,0.01,10,45,1,true,2,0.7699468085106383,0.16888297872340424,0.8561081573502952,614.9879146204204,140.70921347299023,1691.7878601215527,752,,665.219
MAR-137,2023-10-30 18:21:53,"[""Stavanger"",""April 22""]",202204_waypoints_DP10_HDBSCAN15_stavanger_2M_UTM,1794132,1008,3746,6,10,HDBSCAN,15,mahalanobis,1.0,0.01,5.0E-4,10,45,1,true,2,0.7819148936170213,0.1622340425531915,0.8630677378678352,589.9155790585364,140.7257917131535,1567.554693195815,752,,654.07
MAR-136,2023-10-30 17:53:21,"[""Stavanger"",""April 22""]",202204_waypoints_DP10_HDBSCAN10_stavanger_500k_UTM,448382,575,1368,4,10,HDBSCAN,10,mahalanobis,1.0,0.01,5.0E-4,10,45,1,true,2,0.7473404255319149,0.1981382978723404,0.8346285571515804,647.2354436172062,147.02355549611838,1708.3136835404248,752,,252.533
MAR-135,2023-10-30 17:48:29,"[""Stavanger"",""April 22""]",202204_waypoints_DP10_HDBSCAN8_stavanger_500k_UTM,448382,775,1880,7,10,HDBSCAN,8,mahalanobis,1.0,0.01,5.0E-4,10,45,1,true,2,0.7593085106382979,0.19148936170212766,0.8543945825799067,490.4913734646412,135.22394030977654,1300.3731772922467,752,,292.165
MAR-134,2023-10-30 17:42:21,"[""Stavanger"",""April 22""]",202204_waypoints_DP10_HDBSCAN6_stavanger_500k_UTM,448382,1173,2861,6,10,HDBSCAN,6,mahalanobis,1.0,0.01,5.0E-4,10,45,1,true,2,0.785904255319149,0.14361702127659576,0.8600272371006925,975.6546220502426,136.9741219979986,3104.739032851108,752,,367.951
MAR-133,2023-10-30 17:34:46,"[""April 22"",""Stavanger""]",202204_waypoints_DP10_HDBSCAN5_stavanger_500k_UTM,448382,1577,3799,9,10,HDBSCAN,5,mahalanobis,1.0,0.01,5.0E-4,10,45,1,true,2,0.7646276595744681,0.1449468085106383,0.8636487516934517,622.2398065984735,127.75050409881551,1860.6859425645373,752,,454.977
MAR-132,2023-10-30 16:17:07,"[""April 22"",""Stavanger"",""cargo"",""passenger""]",202204_waypoints_DP10_HDBSCAN15_stavanger_full_UTM_filtered,4716292,1835,9621,17,10,HDBSCAN,15,mahalanobis,1.0,0.01,1.0E-4,10,45,1,true,2,0.7803636363636364,0.18981818181818183,0.8968796049095021,390.5860118428535,107.2308878136721,1241.7359676246779,1375,,1.063
MAR-131,2023-10-30 15:26:41,"[""Stavanger"",""April 22""]",202204_waypoints_DP10_HDBSCAN15_stavanger_full_UTM,5422129,2106,12359,27,10,HDBSCAN,15,mahalanobis,1.0,0.001,5.0E-4,10,45,1,true,2,0.8018617021276596,0.14893617021276595,0.8863968780353098,364.1060237717546,108.4754792831903,771.2148647423223,752,,2658.68
MAR-130,2023-10-30 15:08:46,"[""April 22"",""Stavanger"",""passenger""]",202204_waypoints_DP10_HDBSCAN15_stavanger_full_UTM_passenger,1023428,580,3360,16,10,HDBSCAN,15,mahalanobis,1.0,0.01,1.0E-4,10,45,1,true,2,0.8095541401273886,0.15987261146496815,0.9029417821286772,447.3223301522714,54.098080919528584,1529.0065170948235,1570,,1.397
MAR-129,2023-10-30 14:47:17,"[""April 22"",""Stavanger"",""cargo""]",202204_waypoints_DP10_HDBSCAN15_stavanger_full_UTM_cargo,3109329,1071,4376,1,10,HDBSCAN,15,mahalanobis,1.0,0.01,1.0E-4,10,45,1,true,2,0.7557959814528593,0.23338485316846985,0.8394696947054234,405.2427498609383,147.86290099334857,888.7156011321157,647,,0.77
MAR-128,2023-10-30 14:20:20,"[""Stavanger"",""April 22""]",202204_waypoints_DP10_HDBSCAN15_stavanger_full_UTM,5422129,2205,12196,19,10,HDBSCAN,15,mahalanobis,1.0,0.01,5.0E-4,10,45,1,true,2,0.8324468085106383,0.1449468085106383,0.8922384054165999,283.78401292669076,103.09109488948394,672.7470478784385,752,,2591.685
MAR-127,2023-10-30 13:32:13,"[""April 22"",""Stavanger""]",202204_waypoints_DP10_HDBSCAN15_stavanger_full_UTM_2,5422129,2262,6256,19,10,HDBSCAN,15,mahalanobis,1.0,0.01,0.001,10,45,4,true,2,0.7952127659574468,0.18284574468085107,0.8953622537894733,432.23444619214393,114.43356058133533,1165.6064891815074,1504,,1.757
MAR-126,2023-10-30 12:58:03,"[""April 22"",""Stavanger""]",202204_waypoints_DP10_HDBSCAN15_stavanger_full_UTM,5422129,2238,12394,32,10,HDBSCAN,15,mahalanobis,1.0,0.1,5.0E-4,10,45,1,true,2,0.7632978723404256,0.17154255319148937,0.8757682296567543,781.8348642767298,119.2767602379703,2924.8466682178537,752,,2911.452
MAR-125,2023-10-30 12:23:59,"[""April 22"",""Stavanger""]",202204_waypoints_DP10_HDBSCAN15_stavanger_full_UTM_2,5422129,2262,7005,19,10,HDBSCAN,15,mahalanobis,1.0,0.01,0.001,10,45,3,true,2,0.7952127659574468,0.18284574468085107,0.8953622537894733,374.3448634168512,113.37192268230119,929.1085696208806,1504,,1.144
MAR-124,2023-10-30 12:20:58,"[""April 22"",""Tromso""]",202204_waypoints_DP10_HDBSCAN35_tromso_full_UTM,796177,158,532,1,10,HDBSCAN,35,mahalanobis,1.0,0.01,1.0E-4,10,45,1,true,2,0.7941176470588235,0.2041522491349481,0.8665988717850915,275.6414559482085,120.75887515130691,498.82240019322205,578,,270.253
MAR-123,2023-10-30 12:15:03,"[""April 22"",""Tromso""]",202204_waypoints_DP10_HDBSCAN30_tromso_full_UTM,796177,183,637,1,10,HDBSCAN,30,mahalanobis,1.0,0.01,1.0E-4,10,45,1,true,2,0.8079584775086506,0.1903114186851211,0.8729793901400336,240.00936769037827,108.85432056232113,476.42028805904437,578,,310.531
MAR-120,2023-10-30 11:54:46,"[""April 22"",""Stavanger""]",202204_waypoints_DP10_HDBSCAN10_stavanger_500k_UTM,448382,476,1149,4,10,HDBSCAN,10,mahalanobis,1.0,0.01,1.0E-5,10,45,1,true,2,0.738031914893617,0.21941489361702127,0.8309210543874408,608.2703343222349,155.15126134405827,1620.7858737621784,752,,251.669
MAR-119,2023-10-30 11:53:57,"[""April 22"",""Stavanger""]",202204_waypoints_DP10_HDBSCAN15_stavanger_full_UTM_2,5422129,2262,8466,19,10,HDBSCAN,15,mahalanobis,1.0,0.01,0.001,10,45,2,true,2,0.7952127659574468,0.18284574468085107,0.8953622537894733,350.9246813817921,110.55870836425805,960.6164512532408,1504,,1.103
MAR-118,2023-10-30 11:49:55,"[""April 22"",""Stavanger""]",202204_waypoints_DP10_HDBSCAN8_stavanger_500k_UTM,448382,665,1659,6,10,HDBSCAN,8,mahalanobis,1.0,0.01,1.0E-5,10,45,1,true,2,0.785904255319149,0.1768617021276596,0.8516092109506819,490.34270329056966,133.8049065071326,1234.4550737426307,752,,291.145
MAR-117,2023-10-30 11:44:09,"[""April 22"",""Stavanger""]",202204_waypoints_DP10_HDBSCAN6_stavanger_500k_UTM,448382,1031,2736,5,10,HDBSCAN,6,mahalanobis,1.0,0.01,1.0E-5,10,45,1,true,2,0.7726063829787234,0.1502659574468085,0.8555510049828301,529.0624500622506,137.42934575890638,1376.526848778403,752,,345.002
MAR-116,2023-10-30 11:35:57,"[""April 22"",""Stavanger""]",202204_waypoints_DP10_HDBSCAN5_stavanger_500k_UTM,448382,1415,3943,5,10,HDBSCAN,5,mahalanobis,1.0,0.01,1.0E-5,10,45,1,true,2,0.8031914893617021,0.14627659574468085,0.8733562762629696,483.954968461697,124.20973452134703,1293.9887958698905,752,,472.536
MAR-115,2023-10-30 10:10:28,"[""April 22"",""Stavanger""]",202204_waypoints_DP10_HDBSCAN15_stavanger_full_UTM,5422129,2262,12667,19,10,HDBSCAN,15,mahalanobis,1.0,0.01,0.001,10,45,1,true,2,0.7952127659574468,0.18284574468085107,0.8953622537894733,323.4838280244405,109.52660458802882,887.6092396429736,1504,,1.183
MAR-114,2023-10-30 09:45:39,"[""April 22"",""Stavanger""]",202204_waypoints_DP10_HDBSCAN15_stavanger_full_UTM,5422129,2231,13364,29,10,HDBSCAN,15,mahalanobis,1.0,0.001,0.01,10,45,1,true,2,0.8098404255319149,0.1595744680851064,0.8776678308801807,339.43877099405705,106.6560106604799,739.5414696906029,752,,3328.937
MAR-113,2023-10-30 08:23:29,"[""April 22"",""Stavanger""]",202204_waypoints_DP10_HDBSCAN15_stavanger_full_UTM,5422129,2425,14077,20,10,HDBSCAN,15,mahalanobis,1.0,0.01,0.01,10,45,1,true,2,0.8098404255319149,0.1529255319148936,0.8948772813672853,708.9775905672453,117.62826097058314,2282.9064954413793,752,,2973.789
MAR-112,2023-10-30 07:18:41,"[""April 22"",""Stavanger""]",202204_waypoints_DP10_HDBSCAN15_stavanger_full_UTM,5422129,2591,14783,28,10,HDBSCAN,15,mahalanobis,1.0,0.1,0.01,10,45,1,true,2,0.8071808510638298,0.14627659574468085,0.8878125198312744,1100.1093191062123,111.13133824622021,3860.51269487165,752,,2506.86
MAR-111,2023-10-30 05:41:42,"[""April 22"",""Stavanger""]",202204_waypoints_DP10_HDBSCAN15_stavanger_full_UTM,5422129,1735,9676,22,10,HDBSCAN,15,mahalanobis,1.0,0.01,1.0E-5,10,45,1,true,2,0.7327127659574468,0.21409574468085107,0.8937239140791764,370.6836474403381,124.53873866151761,826.6428135560155,752,,2255.298
MAR-110,2023-10-30 04:41:24,"[""April 22"",""Stavanger""]",202204_waypoints_DP10_HDBSCAN15_stavanger_full_UTM,5422129,2262,12667,19,10,HDBSCAN,15,mahalanobis,1.0,0.01,0.001,10,45,1,true,2,0.8071808510638298,0.1702127659574468,0.8945812621063209,258.3727127899214,101.2333147364196,506.5875803846422,752,,2281.407
MAR-109,2023-10-30 03:39:40,"[""April 22"",""Stavanger""]",202204_waypoints_DP10_HDBSCAN15_stavanger_full_UTM,5422129,1694,9566,21,10,HDBSCAN,15,mahalanobis,1.0,0.001,1.0E-5,10,45,1,true,2,0.7327127659574468,0.1768617021276596,0.8783007368378392,500.84596957079657,126.7354636347569,1128.9762037129367,752,,2349.544
MAR-108,2023-10-30 02:37:39,"[""April 22"",""Stavanger""]",202204_waypoints_DP10_HDBSCAN15_stavanger_full_UTM,5422129,1986,11343,25,10,HDBSCAN,15,mahalanobis,1.0,0.001,1.0E-4,10,45,1,true,2,0.8271276595744681,0.1422872340425532,0.8821213920655416,375.8228631516838,108.83156138070055,824.1268533614868,752,,2353.431
MAR-107,2023-10-30 01:35:06,"[""April 22"",""Stavanger""]",202204_waypoints_DP10_HDBSCAN15_stavanger_full_UTM,5422129,2133,12462,28,10,HDBSCAN,15,mahalanobis,1.0,0.001,0.001,10,45,1,true,2,0.7938829787234043,0.15159574468085107,0.8787393745494332,438.3974198057965,114.54244090007342,1116.456759776433,752,,2407.761
MAR-106,2023-10-30 00:36:04,"[""April 22"",""Stavanger""]",202204_waypoints_DP10_HDBSCAN15_stavanger_full_UTM,5422129,1693,9699,26,10,HDBSCAN,15,mahalanobis,1.0,0.1,1.0E-5,10,45,1,true,2,0.7127659574468085,0.20611702127659576,0.8692754621132974,443.6841747583928,121.43137693358103,1067.7938185817518,752,,2200.292
MAR-105,2023-10-29 23:38:04,"[""April 22"",""Stavanger""]",202204_waypoints_DP10_HDBSCAN15_stavanger_full_UTM,5422129,1974,10724,36,10,HDBSCAN,15,mahalanobis,1.0,0.1,1.0E-4,10,45,1,true,2,0.6861702127659575,0.20079787234042554,0.8744806243436567,455.3316956341987,119.75050958570144,1103.4969952198403,752,,2151.896
MAR-104,2023-10-29 22:29:38,"[""April 22"",""Stavanger""]",202204_waypoints_DP10_HDBSCAN15_stavanger_full_UTM,5422129,2344,13109,28,10,HDBSCAN,15,mahalanobis,1.0,0.1,0.001,10,45,1,true,2,0.8284574468085106,0.14893617021276595,0.8882566127775844,670.1554329643143,107.55365633662981,2703.0796169093064,752,,2702.667
MAR-103,2023-10-29 17:42:17,"[""April 22"",""Tromso""]",202204_waypoints_DP10_HDBSCAN25_tromso_full_UTM,796177,233,910,0,10,HDBSCAN,25,mahalanobis,1.0,0.01,1.0E-4,10,45,1,true,2,0.801038062283737,0.19896193771626297,0.8670052477402724,210.53306540148148,99.62733463435437,443.7413331596418,578,,548.128
MAR-102,2023-10-29 17:32:59,"[""April 22"",""Tromso""]",202204_waypoints_DP10_HDBSCAN20_tromso_full_UTM,796177,282,1082,1,10,HDBSCAN,20,mahalanobis,1.0,0.01,1.0E-4,10,45,1,true,2,0.8217993079584776,0.17647058823529413,0.875375890585004,218.20467080102543,97.19090489570279,529.8900775005167,578,,513.415
MAR-101,2023-10-29 17:24:03,"[""April 22"",""Tromso""]",202204_waypoints_DP10_HDBSCAN15_tromso_full_UTM,796177,381,1518,1,10,HDBSCAN,15,mahalanobis,1.0,0.01,1.0E-4,10,45,1,true,2,0.8200692041522492,0.1695501730103806,0.8921400887745883,218.98880630007366,95.52155167013991,564.7744867029029,578,,463.839
MAR-100,2023-10-29 17:10:58,"[""April 22"",""Tromso""]",202204_waypoints_DP10_HDBSCAN12_tromso_full_UTM,796177,506,2053,2,10,HDBSCAN,12,mahalanobis,1.0,0.01,1.0E-4,10,45,1,true,2,0.8598615916955017,0.12975778546712802,0.8998348320782041,215.8486566705403,92.29761732651517,563.5716721914961,578,,698.599
MAR-99,2023-10-29 16:58:47,"[""April 22"",""Tromso""]",202204_waypoints_DP10_HDBSCAN10_tromso_full_UTM,796177,652,2639,2,10,HDBSCAN,10,mahalanobis,1.0,0.01,1.0E-4,10,45,1,true,2,0.8235294117647058,0.15570934256055363,0.9016509883614305,192.5911486505027,86.32599114515047,475.3011084951839,578,,671.173
MAR-98,2023-10-29 16:45:03,"[""April 22"",""Tromso""]",202204_waypoints_DP10_HDBSCAN8_tromso_full_UTM,796177,889,3550,2,10,HDBSCAN,8,mahalanobis,1.0,0.01,1.0E-4,10,45,1,true,2,0.842560553633218,0.12975778546712802,0.9075913622048402,179.59935241935403,77.3790030725908,542.1386942924726,578,,770.575
MAR-97,2023-10-29 16:03:22,"[""April 22"",""Tromso""]",202204_waypoints_DP10_HDBSCAN5_tromso_full_UTM,796177,2039,7768,8,10,HDBSCAN,5,mahalanobis,1.0,0.01,1.0E-4,10,45,1,true,2,0.7058823529411765,0.20761245674740483,0.922031645028265,224.87498925005232,69.17310407415252,627.8709610991516,578,,2461.191
MAR-95,2023-10-29 15:19:04,"[""April 22"",""Stavanger""]",202204_waypoints_DP10_HDBSCAN15_stavanger_full_UTM,5422129,1999,10701,15,10,HDBSCAN,15,mahalanobis,1.0,0.01,1.0E-4,10,45,1,true,2,0.819813829787234,0.16954787234042554,0.8931130135788385,345.28794353277385,112.52465333161301,813.7631182169237,1504,,1.163
MAR-93,2023-10-29 11:57:56,"[""April 22"",""Stavanger""]",202204_waypoints_DP10_HDBSCAN12_stavanger_full_UTM,5422129,2703,14642,24,10,HDBSCAN,12,mahalanobis,1.0,0.01,1.0E-4,10,45,1,true,2,0.8191489361702128,0.15558510638297873,0.8999161834347364,498.9004153726504,109.45942411240794,1900.8068814158414,752,,3091.234
MAR-92,2023-10-29 10:50:31,"[""April 22"",""Stavanger""]",202204_waypoints_DP10_HDBSCAN10_stavanger_full_UTM,5422129,3497,18745,30,10,HDBSCAN,10,mahalanobis,1.0,0.01,1.0E-4,10,45,1,true,2,0.7952127659574468,0.15824468085106383,0.8964834754371057,578.9187950142663,107.78073931091045,2002.0431449742348,752,,2707.118
MAR-91,2023-10-29 09:50:21,"[""Stavanger"",""April 22""]",202204_waypoints_DP10_HDBSCAN45_stavanger_full_UTM,5422129,574,2581,14,10,HDBSCAN,45,mahalanobis,1.0,0.01,1.0E-4,10,45,1,true,2,0.6542553191489362,0.2845744680851064,0.8231972269987786,608.3294472704108,156.22772936846388,1504.7449563535158,752,,1884.729
MAR-90,2023-10-29 08:51:44,"[""April 22"",""Stavanger""]",202204_waypoints_DP10_HDBSCAN15_stavanger_full_UTM,5422129,2000,10701,16,10,HDBSCAN,15,mahalanobis,1.0,0.01,1.0E-4,10,45,1,true,2,0.8111702127659575,0.16356382978723405,0.8920367357027736,345.3637100801107,109.09883873553498,811.7964662583594,752,,2157.806
MAR-89,2023-10-29 02:42:37,"[""Stavanger"",""April 22""]",202204_waypoints_DP10_HDBSCAN40_stavanger_full_UTM,5422129,632,2863,13,10,HDBSCAN,40,mahalanobis,1.0,0.01,1.0E-4,10,45,1,true,2,0.6675531914893617,0.2726063829787234,0.831189276790618,538.3694832807564,149.6352340600579,1085.5194660966677,752,,1886.445
MAR-88,2023-10-29 01:48:42,"[""Stavanger"",""April 22""]",202204_waypoints_DP10_HDBSCAN35_stavanger_full_UTM,5422129,725,3468,11,10,HDBSCAN,35,mahalanobis,1.0,0.01,1.0E-4,10,45,1,true,2,0.7007978723404256,0.25398936170212766,0.8393986884201079,510.8720959376739,142.02913374438697,1083.818051596152,752,,1903.477
MAR-87,2023-10-29 00:54:18,"[""Stavanger"",""April 22""]",202204_waypoints_DP10_HDBSCAN30_stavanger_full_UTM,5422129,862,4195,14,10,HDBSCAN,30,mahalanobis,1.0,0.01,1.0E-4,10,45,1,true,2,0.699468085106383,0.24202127659574468,0.853436353866562,569.5334457071841,140.71117467543027,1320.7502617256569,752,,1910.321
MAR-86,2023-10-28 23:59:11,"[""Stavanger"",""April 22""]",202204_waypoints_DP10_HDBSCAN25_stavanger_full_UTM,5422129,1083,5515,14,10,HDBSCAN,25,mahalanobis,1.0,0.01,1.0E-4,10,45,1,true,2,0.7300531914893617,0.23803191489361702,0.8684537599700908,505.30092482583734,134.3686435364707,1084.3051794569205,752,,1976.782
MAR-85,2023-10-28 23:02:33,"[""April 22"",""Stavanger""]",202204_waypoints_DP10_HDBSCAN20_stavanger_full_UTM,5422129,1384,7470,11,10,HDBSCAN,20,mahalanobis,1.0,0.01,1.0E-4,10,45,1,true,2,0.7672872340425532,0.19281914893617022,0.8834371633163034,725.4096158147767,130.59749394242158,2418.216325628976,752,,2064.549
MAR-84,2023-10-28 21:53:17,"[""April 22"",""Stavanger""]",202204_waypoints_DP10_HDBSCAN10_stavanger_500k_UTM,448382,592,1441,2,10,HDBSCAN,10,mahalanobis,1.0,0.01,0.001,10,45,1,true,2,0.7872340425531915,0.17420212765957446,0.8323077844232813,624.8354460299357,142.344714031273,1665.4572656589935,752,,259.472
MAR-83,2023-10-28 21:48:36,"[""April 22"",""Stavanger""]",202204_waypoints_DP10_HDBSCAN8_stavanger_500k_UTM,448382,786,1938,6,10,HDBSCAN,8,mahalanobis,1.0,0.01,0.001,10,45,1,true,2,0.785904255319149,0.17154255319148937,0.8404774703733502,567.9341658160105,139.27743347832376,1534.1763168745388,752,,281.176
MAR-82,2023-10-28 21:42:53,"[""April 22"",""Stavanger""]",202204_waypoints_DP10_HDBSCAN6_stavanger_500k_UTM,448382,1202,2903,5,10,HDBSCAN,6,mahalanobis,1.0,0.01,0.001,10,45,1,true,2,0.75,0.15425531914893617,0.8601513604646355,608.5713273315484,133.93630520471862,1887.9139584601905,752,,342.948
MAR-81,2023-10-28 21:08:46,"[""April 22"",""Stavanger""]",202204_waypoints_DP10_HDBSCAN5_stavanger_500k_UTM,448382,1598,3913,8,10,HDBSCAN,5,mahalanobis,1.0,0.01,0.001,10,45,1,true,2,0.7593085106382979,0.1449468085106383,0.8653263119890807,963.08890443946,134.48158936831243,2815.785171187457,752,,440.769
MAR-80,2023-10-28 20:59:27,"[""April 22"",""Stavanger""]",202204_waypoints_DP10_HDBSCAN10_stavanger_500k_UTM,448382,607,1473,3,10,HDBSCAN,10,mahalanobis,1.0,0.01,0.01,10,45,1,true,2,0.7699468085106383,0.18617021276595744,0.8315715068915184,604.0854551597424,143.60055143738518,1581.9565220070108,752,,230.238
MAR-79,2023-10-28 20:54:44,"[""April 22"",""Stavanger""]",202204_waypoints_DP10_HDBSCAN8_stavanger_500k_UTM,448382,805,2012,7,10,HDBSCAN,8,mahalanobis,1.0,0.01,0.01,10,45,1,true,2,0.7566489361702128,0.18617021276595744,0.8390790860836197,546.8553590218469,144.4408144236657,1384.5060243864389,752,,283.536
MAR-78,2023-10-28 20:41:07,"[""April 22"",""Stavanger""]",202204_waypoints_DP10_HDBSCAN6_stavanger_500k_UTM,448382,1213,3006,6,10,HDBSCAN,6,mahalanobis,1.0,0.01,0.01,10,45,1,true,2,0.7606382978723404,0.16489361702127658,0.8612029282674352,735.3201357695374,134.75078224571433,2360.108111080122,752,,362.787
MAR-77,2023-10-28 20:34:19,"[""April 22"",""Stavanger""]",202204_waypoints_DP10_HDBSCAN5_stavanger_500k_UTM,448382,1629,3985,9,10,HDBSCAN,5,mahalanobis,1.0,0.01,0.01,10,45,1,true,2,0.7247340425531915,0.15159574468085107,0.8659642444581823,1305.6279562968082,145.0785876453069,3638.1508827249104,752,,407.608
MAR-76,2023-10-28 20:29:59,"[""April 22"",""Stavanger""]",202204_waypoints_DP10_HDBSCAN10_stavanger_500k_UTM,448382,610,1487,4,10,HDBSCAN,10,mahalanobis,1.0,0.01,0.1,10,45,1,true,2,0.7593085106382979,0.19281914893617022,0.8347587845711912,643.2659538295326,145.57649560595434,1690.3054993874846,752,,260.593
MAR-75,2023-10-28 20:25:01,"[""April 22"",""Stavanger""]",202204_waypoints_DP10_HDBSCAN8_stavanger_500k_UTM,448382,803,2019,7,10,HDBSCAN,8,mahalanobis,1.0,0.01,0.1,10,45,1,true,2,0.7566489361702128,0.18351063829787234,0.8319322588414401,587.4721699334779,148.25339560375937,1530.1810638709158,752,,277.32
MAR-74,2023-10-28 20:19:14,"[""April 22"",""Stavanger""]",202204_waypoints_DP10_HDBSCAN6_stavanger_500k_UTM,448382,1232,3029,7,10,HDBSCAN,6,mahalanobis,1.0,0.01,0.1,10,45,1,true,2,0.7513297872340425,0.17553191489361702,0.8625366009913618,535.5776829660774,132.1267371090447,1472.7830756498995,752,,347.177
MAR-73,2023-10-28 19:42:09,"[""April 22"",""Stavanger""]",202204_waypoints_DP10_HDBSCAN5_stavanger_500k_UTM,448382,1642,4020,9,10,HDBSCAN,5,mahalanobis,1.0,0.01,0.1,10,45,1,true,2,0.7353723404255319,0.15425531914893617,0.8683590866828579,1306.5667572788122,148.062549858788,3615.694429557312,752,,566.502
MAR-72,2023-10-28 19:37:50,"[""April 22"",""Stavanger""]",202204_waypoints_DP10_HDBSCAN10_stavanger_500k_UTM,448382,612,1505,4,10,HDBSCAN,10,mahalanobis,1.0,0.01,1.0,10,45,1,true,2,0.7646276595744681,0.19148936170212766,0.8361988342828538,605.7222136445458,143.6919747733027,1587.5447388960463,752,,258.703
MAR-71,2023-10-28 19:33:02,"[""April 22"",""Stavanger""]",202204_waypoints_DP10_HDBSCAN8_stavanger_500k_UTM,448382,814,2038,7,10,HDBSCAN,8,mahalanobis,1.0,0.01,1.0,10,45,1,true,2,0.7566489361702128,0.18351063829787234,0.8368353669167393,600.8934302904679,145.95855786832848,1573.0396686116392,752,,287.738
MAR-70,2023-10-28 19:27:24,"[""April 22"",""Stavanger""]",202204_waypoints_DP10_HDBSCAN6_stavanger_500k_UTM,448382,1233,3035,7,10,HDBSCAN,6,mahalanobis,1.0,0.01,1.0,10,45,1,true,2,0.7433510638297872,0.16888297872340424,0.8585347665899097,928.1968280894697,145.2417680315611,2929.0373284082357,752,,337.755
MAR-69,2023-10-28 19:20:12,"[""April 22"",""Stavanger""]",202204_waypoints_DP10_HDBSCAN5_stavanger_500k_UTM,448382,1658,4076,9,10,HDBSCAN,5,mahalanobis,1.0,0.01,1.0,10,45,1,true,2,0.7127659574468085,0.14893617021276595,0.8673814770739814,1351.8238706136929,151.13046280515374,3639.750553971399,752,,432.015
MAR-68,2023-10-28 19:13:40,"[""April 22"",""Stavanger""]",202204_waypoints_DP10_HDBSCAN10_stavanger_500k_UTM,448382,535,1539,6,10,HDBSCAN,10,mahalanobis,1.0,1.0E-4,1.0E-4,10,45,1,true,2,0.75,0.19946808510638298,0.8220371497849476,757.0455368265183,155.73573640238735,2183.389962154112,752,,280.167
MAR-67,2023-10-28 19:09:10,"[""April 22"",""Stavanger""]",202204_waypoints_DP10_HDBSCAN9_stavanger_500k_UTM,448382,609,1777,5,10,HDBSCAN,9,mahalanobis,1.0,1.0E-4,1.0E-4,10,45,1,true,2,0.7925531914893617,0.17287234042553193,0.8293672072259125,635.759138028913,148.80018481259606,1502.4049880133311,752,,270.465
MAR-66,2023-10-28 19:04:19,"[""April 22"",""Stavanger""]",202204_waypoints_DP10_HDBSCAN8_stavanger_500k_UTM,448382,721,2193,6,10,HDBSCAN,8,mahalanobis,1.0,1.0E-4,1.0E-4,10,45,1,true,2,0.7898936170212766,0.16888297872340424,0.8439301164127064,706.6426867218773,143.3363902716979,1965.821464661041,752,,290.988
MAR-65,2023-10-28 18:58:55,"[""April 22"",""Stavanger""]",202204_waypoints_DP10_HDBSCAN7_stavanger_500k_UTM,448382,868,2641,6,10,HDBSCAN,7,mahalanobis,1.0,1.0E-4,1.0E-4,10,45,1,true,2,0.8058510638297872,0.15425531914893617,0.852288626572348,582.6541464972729,132.7677972973092,1477.7350450908818,752,,323.659
MAR-64,2023-10-28 18:53:04,"[""April 22"",""Stavanger""]",202204_waypoints_DP10_HDBSCAN6_stavanger_500k_UTM,448382,1055,3282,7,10,HDBSCAN,6,mahalanobis,1.0,1.0E-4,1.0E-4,10,45,1,true,2,0.8058510638297872,0.1595744680851064,0.8550640705526723,567.0246153596931,127.2407094645945,1465.4007080003514,752,,330.677
MAR-63,2023-10-28 18:38:22,"[""April 22"",""Stavanger""]",202204_waypoints_DP10_HDBSCAN5_stavanger_500k_UTM,448382,1420,4631,5,10,HDBSCAN,5,mahalanobis,1.0,1.0E-4,1.0E-4,10,45,1,true,2,0.8218085106382979,0.13164893617021275,0.8689176493000883,710.4977043136903,122.81295786616488,2093.429579320023,752,,860.548
MAR-62,2023-10-28 18:29:07,"[""April 22"",""Stavanger""]",202204_waypoints_DP10_HDBSCAN10_stavanger_500k_UTM,448382,549,1374,5,10,HDBSCAN,10,mahalanobis,1.0,0.001,1.0E-4,10,45,1,true,2,0.6875,0.24601063829787234,0.8294784186378478,718.5336590983901,169.8784882376999,1934.4371595962405,752,,554.644
MAR-61,2023-10-28 18:19:26,"[""April 22"",""Stavanger""]",202204_waypoints_DP10_HDBSCAN9_stavanger_500k_UTM,448382,635,1615,6,10,HDBSCAN,9,mahalanobis,1.0,0.001,1.0E-4,10,45,1,true,2,0.7007978723404256,0.22340425531914893,0.8289534438397728,868.6412622176555,182.4133899187382,2363.238432652076,752,,581.033
MAR-60,2023-10-28 18:12:40,"[""April 22"",""Stavanger""]",202204_waypoints_DP10_HDBSCAN8_stavanger_500k_UTM,448382,750,1910,6,10,HDBSCAN,8,mahalanobis,1.0,0.001,1.0E-4,10,45,1,true,2,0.7353723404255319,0.2127659574468085,0.8416486623088414,579.1298949428948,151.67632863154813,1501.3172166699599,752,,405.938
MAR-59,2023-10-28 18:07:28,"[""April 22"",""Stavanger""]",202204_waypoints_DP10_HDBSCAN7_stavanger_500k_UTM,448382,895,2310,6,10,HDBSCAN,7,mahalanobis,1.0,0.001,1.0E-4,10,45,1,true,2,0.800531914893617,0.15159574468085107,0.8441448932392545,626.9933231432542,135.25408890781694,1740.404766067672,752,,312.003
MAR-58,2023-10-28 18:01:25,"[""April 22"",""Stavanger""]",202204_waypoints_DP10_HDBSCAN6_stavanger_500k_UTM,448382,1117,2867,6,10,HDBSCAN,6,mahalanobis,1.0,0.001,1.0E-4,10,45,1,true,2,0.8085106382978723,0.1449468085106383,0.8565233970493268,554.1792890701988,130.4634170797737,1596.8071117470154,752,,341.946
MAR-57,2023-10-28 17:54:05,"[""April 22"",""Stavanger""]",202204_waypoints_DP10_HDBSCAN5_stavanger_500k_UTM,448382,1457,3850,6,10,HDBSCAN,5,mahalanobis,1.0,0.001,1.0E-4,10,45,1,true,2,0.8231382978723404,0.11835106382978723,0.8728030624548571,557.5875672636059,122.76431746042327,1535.9077534341807,752,,440.405
MAR-56,2023-10-28 17:49:56,"[""April 22"",""Stavanger""]",202204_waypoints_DP10_HDBSCAN10_stavanger_500k_UTM,448382,513,1089,27,10,HDBSCAN,10,mahalanobis,1.0,0.1,1.0E-4,10,45,1,true,2,0.7686170212765957,0.20212765957446807,0.8094623763256983,480.4539408694965,124.21054755228059,1197.9058410597402,752,,248.935
MAR-55,2023-10-28 17:45:41,"[""April 22"",""Stavanger""]",202204_waypoints_DP10_HDBSCAN9_stavanger_500k_UTM,448382,593,1272,31,10,HDBSCAN,9,mahalanobis,1.0,0.1,1.0E-4,10,45,1,true,2,0.7300531914893617,0.21675531914893617,0.8107243045712008,637.2256741080831,126.18182756755769,2256.8374332168655,752,,254.396
MAR-54,2023-10-28 17:40:58,"[""April 22"",""Stavanger""]",202204_waypoints_DP10_HDBSCAN8_stavanger_500k_UTM,448382,689,1548,34,10,HDBSCAN,8,mahalanobis,1.0,0.1,1.0E-4,10,45,1,true,2,0.7180851063829787,0.2047872340425532,0.8260815430263815,461.2549206753025,128.48091015738555,1096.7623469622933,752,,282.653
MAR-53,2023-10-28 17:36:01,"[""April 22"",""Stavanger""]",202204_waypoints_DP10_HDBSCAN7_stavanger_500k_UTM,448382,853,1943,32,10,HDBSCAN,7,mahalanobis,1.0,0.1,1.0E-4,10,45,1,true,2,0.7273936170212766,0.18351063829787234,0.8308948277660969,631.7310134019604,128.62141460425178,2125.9383697410894,752,,296.695
MAR-52,2023-10-28 17:30:42,"[""April 22"",""Stavanger""]",202204_waypoints_DP10_HDBSCAN6_stavanger_500k_UTM,448382,1073,2488,30,10,HDBSCAN,6,mahalanobis,1.0,0.1,1.0E-4,10,45,1,true,2,0.7353723404255319,0.17287234042553193,0.8429384721708226,486.53828443323505,116.20374429608977,1288.629737672268,752,,319.014
MAR-51,2023-10-28 17:21:53,"[""April 22"",""Stavanger""]",202204_waypoints_DP10_HDBSCAN5_stavanger_500k_UTM,448382,1477,3487,43,10,HDBSCAN,5,mahalanobis,1.0,0.1,1.0E-4,10,45,1,true,2,0.738031914893617,0.15159574468085107,0.8425509194591736,879.1223741005978,128.59018000679248,2827.077304033858,752,,528.635
MAR-50,2023-10-28 17:17:55,"[""April 22"",""Stavanger""]",202204_waypoints_DP10_HDBSCAN10_stavanger_500k_UTM,448382,499,900,88,10,HDBSCAN,10,mahalanobis,1.0,1.0,1.0E-4,10,45,1,true,2,0.6662234042553191,0.2566489361702128,0.7839258175963916,712.838982152792,151.62966185867444,1673.479871465711,752,,238.22
MAR-49,2023-10-28 17:13:52,"[""April 22"",""Stavanger""]",202204_waypoints_DP10_HDBSCAN9_stavanger_500k_UTM,448382,562,1068,96,10,HDBSCAN,9,mahalanobis,1.0,1.0,1.0E-4,10,45,1,true,2,0.6875,0.23537234042553193,0.7905636549777459,594.2488455579692,132.3808626593059,1342.361492632637,752,,243.182
MAR-48,2023-10-28 17:09:35,"[""April 22"",""Stavanger""]",202204_waypoints_DP10_HDBSCAN8_stavanger_500k_UTM,448382,668,1331,106,10,HDBSCAN,8,mahalanobis,1.0,1.0,1.0E-4,10,45,1,true,2,0.6595744680851063,0.22606382978723405,0.7968191496321697,735.620094769922,129.19304502727957,1720.471976312802,752,,256.324
MAR-47,2023-10-28 17:04:47,"[""April 22"",""Stavanger""]",202204_waypoints_DP10_HDBSCAN7_stavanger_500k_UTM,448382,814,1676,120,10,HDBSCAN,7,mahalanobis,1.0,1.0,1.0E-4,10,45,1,true,2,0.7167553191489362,0.21675531914893617,0.8003030512191097,562.2687922262986,113.01602751498012,1567.602272838685,752,,288.175
MAR-46,2023-10-28 16:59:52,"[""April 22"",""Stavanger""]",202204_waypoints_DP10_HDBSCAN6_stavanger_500k_UTM,448382,1033,2141,140,10,HDBSCAN,6,mahalanobis,1.0,1.0,1.0E-4,10,45,1,true,2,0.7087765957446809,0.1981382978723404,0.8261457359971848,864.8082764465829,127.06811449288699,2321.4217055193376,752,,294.734
MAR-45,2023-10-28 16:52:44,"[""April 22"",""Stavanger""]",202204_waypoints_DP10_HDBSCAN5_stavanger_500k_UTM,448382,1447,3070,190,10,HDBSCAN,5,mahalanobis,1.0,1.0,1.0E-4,10,45,1,true,2,0.6901595744680851,0.19946808510638298,0.8380342868349316,850.071126900178,123.86016291567813,2470.855193106883,752,,407.115
MAR-44,2023-10-28 16:42:10,"[""Stavanger"",""April 22""]",202204_waypoints_DP10_HDBSCAN25_stavanger_500k_UTM,448382,188,398,5,10,HDBSCAN,25,mahalanobis,1.0,0.01,1.0E-4,10,45,1,true,2,0.7007978723404256,0.2526595744680851,0.7867220157378638,804.0886289131876,262.93621622550825,1603.1877460010062,752,,210.67
MAR-43,2023-10-28 16:38:35,"[""April 22"",""Stavanger""]",202204_waypoints_DP10_HDBSCAN20_stavanger_500k_UTM,448382,228,480,6,10,HDBSCAN,20,mahalanobis,1.0,0.01,1.0E-4,10,45,1,true,2,0.6569148936170213,0.26595744680851063,0.7884640303731201,736.0885668854813,216.9252180869987,1580.0873678897856,752,,214.671
MAR-42,2023-10-28 16:05:00,"[""April 22"",""Stavanger""]",202204_waypoints_DP10_HDBSCAN17_stavanger_500k_UTM,448382,273,599,5,10,HDBSCAN,17,mahalanobis,1.0,0.01,1.0E-4,10,45,1,true,2,0.6968085106382979,0.23537234042553193,0.8133079188167214,700.6273152498402,204.14246150683888,1456.2738548632628,752,,194.661
MAR-41,2023-10-28 15:21:46,"[""April 22"",""Stavanger""]",202204_waypoints_DP10_HDBSCAN15_stavanger_500k_UTM,448382,312,691,3,10,HDBSCAN,15,mahalanobis,1.0,0.01,1.0E-4,10,45,1,true,2,0.7672872340425532,0.20611702127659576,0.796259668883666,621.5234464051488,159.7517256250631,1419.9194551232656,752,,189.584
MAR-40,2023-10-28 14:26:51,"[""April 22"",""Stavanger""]",202204_waypoints_DP10_HDBSCAN14_stavanger_500k_UTM,448382,345,758,5,10,HDBSCAN,14,mahalanobis,1.0,0.01,1.0E-4,10,45,1,true,2,0.7420212765957447,0.21409574468085107,0.7928618358320759,582.6647946295855,160.62598498985082,1362.1807325853524,752,,162.896
MAR-39,2023-10-28 13:20:41,"[""April 22"",""Stavanger""]",202204_waypoints_DP10_HDBSCAN13_stavanger_500k_UTM,448382,378,861,4,10,HDBSCAN,13,mahalanobis,1.0,0.01,1.0E-4,10,45,1,true,2,0.7473404255319149,0.20611702127659576,0.815786506973904,566.3539039543248,156.01980174636512,1294.956134898763,752,,176.53
MAR-38,2023-10-28 12:51:09,"[""April 22"",""Stavanger""]",202204_waypoints_DP10_HDBSCAN12_stavanger_500k_UTM,448382,432,1014,4,10,HDBSCAN,12,mahalanobis,1.0,0.01,1.0E-4,10,45,1,true,2,0.773936170212766,0.18882978723404256,0.8206407955975032,415.687119269473,144.87427102787913,870.5773914862331,752,,191.523
MAR-37,2023-10-28 12:47:03,"[""April 22"",""Stavanger""]",202204_waypoints_DP10_HDBSCAN11_stavanger_500k_UTM,448382,484,1127,4,10,HDBSCAN,11,mahalanobis,1.0,0.01,1.0E-4,10,45,1,true,2,0.7805851063829787,0.1875,0.8314253924306387,523.6867937850197,150.39397571553596,1276.5267160860628,752,,246.072
MAR-36,2023-10-28 12:42:50,"[""April 22"",""Stavanger""]",202204_waypoints_DP10_HDBSCAN10_stavanger_500k_UTM,448382,548,1290,2,10,HDBSCAN,10,mahalanobis,1.0,0.01,1.0E-4,10,45,1,true,2,0.788563829787234,0.1848404255319149,0.8312646519850843,489.8952122806484,149.93060805057485,1143.8107980661468,752,,252.434
MAR-35,2023-10-28 12:38:18,"[""April 22"",""Stavanger""]",202204_waypoints_DP10_HDBSCAN9_stavanger_500k_UTM,448382,621,1484,2,10,HDBSCAN,9,mahalanobis,1.0,0.01,1.0E-4,10,45,1,true,2,0.7872340425531915,0.1702127659574468,0.8371788006858341,500.73658281029515,143.8635603340272,1243.5513026534036,752,,271.748
MAR-34,2023-10-28 12:31:56,"[""April 22"",""Stavanger""]",202204_waypoints_DP10_HDBSCAN8_stavanger_500k_UTM,448382,742,1780,5,10,HDBSCAN,8,mahalanobis,1.0,0.01,1.0E-4,10,45,1,true,2,0.7819148936170213,0.1675531914893617,0.8405632872778168,465.7076014118613,130.22319597462632,1231.8091078575512,752,,381.676
MAR-33,2023-10-28 12:22:55,"[""April 22"",""Stavanger""]",202204_waypoints_DP10_HDBSCAN7_stavanger_500k_UTM,448382,867,2122,6,10,HDBSCAN,7,mahalanobis,1.0,0.01,1.0E-4,10,45,1,true,2,0.7925531914893617,0.15425531914893617,0.8375549448942272,529.5274541341375,136.5553576173201,1397.8068454520803,752,,496.245
MAR-31,2023-10-28 11:58:09,"[""April 22"",""Stavanger""]",202204_waypoints_DP10_HDBSCAN6_stavanger_500k_UTM,448382,1117,2728,4,10,HDBSCAN,6,mahalanobis,1.0,0.01,1.0E-4,10,45,1,true,2,0.800531914893617,0.1502659574468085,0.8574793841935516,432.2520569199646,124.65221521691028,1177.1423775477522,752,,705.378
MAR-30,2023-10-28 11:40:05,"[""April 22"",""Stavanger""]",202204_waypoints_DP10_HDBSCAN5_stavanger_500k_UTM,448382,1512,3665,4,10,HDBSCAN,5,mahalanobis,1.0,0.01,1.0E-4,10,45,1,true,2,0.7686170212765957,0.1449468085106383,0.8695565459718484,706.1395814296297,128.54919405123923,2223.0263776583733,752,,1084.027
MAR-29,2023-10-28 11:29:08,"[""April 22"",""Stavanger""]",202204_waypoints_DP10_HDBSCAN4_stavanger_500k_UTM,448382,2190,5395,10,10,HDBSCAN,4,mahalanobis,1.0,0.01,1.0E-4,10,45,1,true,2,0.6675531914893617,0.15159574468085107,0.8735281696178406,1181.9218812792303,148.31706776459902,3330.476806115028,752,,656.607
MAR-28,2023-10-28 11:11:01,"[""April 22"",""Stavanger""]",202204_waypoints_DP10_HDBSCAN15_stavanger_2M_UTM,1794132,930,3564,6,10,HDBSCAN,15,mahalanobis,1.0,0.001,1.0E-4,10,45,1,true,2,0.8590425531914894,0.125,0.8641131778252079,672.2304526085109,126.10111573613254,2801.6458581683223,752,,0.889
MAR-27,2023-10-28 10:54:03,"[""April 22"",""Stavanger""]",202204_waypoints_DP10_HDBSCAN15_stavanger_2M_UTM,1794132,910,3189,27,10,HDBSCAN,15,mahalanobis,1.0,0.1,1.0E-4,10,45,1,true,2,0.8018617021276596,0.1702127659574468,0.8536848557794124,527.5601641810656,118.55573755928849,1627.5092441476345,752,,1.148
MAR-26,2023-10-28 10:21:09,"[""April 22"",""Stavanger""]",202204_waypoints_DP10_HDBSCAN12_stavanger_2M_UTM,1794132,1212,4506,8,10,HDBSCAN,12,mahalanobis,1.0,0.01,1.0E-4,10,45,1,true,2,0.7726063829787234,0.1595744680851064,0.8612770347440845,544.110878603193,139.52116452308704,1496.9579531159495,752,,1.664
MAR-24,2023-10-27 23:35:47,"[""April 22"",""Stavanger""]",202204_waypoints_DP10_HDBSCAN7_stavanger_2M_UTM,1794132,2665,9804,20,10,HDBSCAN,7,mahalanobis,1.0,0.01,1.0E-4,10,45,1,true,2,0.7327127659574468,0.1595744680851064,0.893658264705025,806.0998776214464,129.70355381838533,2583.477121520487,752,,0.897
MAR-23,2023-10-27 21:49:46,"[""April 22"",""Stavanger""]",202204_waypoints_DP10_HDBSCAN10_stavanger_2M_UTM,1794132,1588,5944,6,10,HDBSCAN,10,mahalanobis,1.0,0.01,1.0E-4,10,45,1,true,2,0.8856382978723404,0.10505319148936171,0.8750505810069615,313.74969674309375,108.54059504221176,661.8854966158614,752,,0.947
MAR-22,2023-10-27 19:55:23,"[""April 22"",""Stavanger""]",202204_waypoints_DP10_HDBSCAN25_stavanger_2M_UTM,1794132,533,1781,9,10,HDBSCAN,25,mahalanobis,1.0,0.01,1.0E-4,10,45,1,true,2,0.6968085106382979,0.2074468085106383,0.8316976576919942,621.1495603300772,168.93657366010626,1322.873181395405,752,,0.937
MAR-21,2023-10-27 19:35:43,"[""April 22"",""Stavanger""]",202204_waypoints_DP10_HDBSCAN20_stavanger_2M_UTM,1794132,682,2405,8,10,HDBSCAN,20,mahalanobis,1.0,0.01,1.0E-4,10,45,1,true,2,0.7087765957446809,0.1901595744680851,0.8416699947114116,533.505121729323,151.76047425003276,1158.2629723284003,752,,0.959
MAR-20,2023-10-27 19:05:46,"[""April 22"",""Stavanger""]",202204_waypoints_DP10_HDBSCAN15_stavanger_2M_UTM_0,1794132,1037,3973,5,10,HDBSCAN,15,mahalanobis,1.0,0.01,0.001,10,45,1,true,2,0.8563829787234043,0.12367021276595745,0.8638739511925704,509.16036121004515,124.62688008160814,1527.1287439681842,752,,0.896
MAR-19,2023-10-27 18:52:38,"[""April 22"",""Stavanger""]",202204_waypoints_DP10_HDBSCAN15_stavanger_2M_UTM_1,1794132,803,2983,6,10,HDBSCAN,15,mahalanobis,1.0,0.01,1.0E-5,10,45,1,true,2,0.7579787234042553,0.1768617021276596,0.8704574668501537,493.51057655381896,150.03879381570863,1015.8975096366812,752,,0.863
MAR-18,2023-10-27 18:39:53,"[""April 22"",""Stavanger""]",202204_waypoints_DP10_HDBSCAN15_stavanger_2M_UTM_2,1794132,761,3390,8,10,HDBSCAN,15,mahalanobis,1.0,0.01,1.0E-6,10,45,1,true,2,0.8085106382978723,0.15558510638297873,0.86539834635311,619.2252227538553,159.68279290894574,1299.492212511157,752,,0.838
MAR-17,2023-10-27 18:25:39,"[""April 22"",""Stavanger""]",202204_waypoints_DP10_HDBSCAN15_stavanger_2M_UTM_4,1794132,812,5223,9,10,HDBSCAN,15,mahalanobis,1.0,0.01,1.0E-7,10,45,1,true,2,0.7686170212765957,0.17952127659574468,0.8426727343674704,571.237575401501,166.54454264114858,1147.4511990489873,752,,0.814
MAR-16,2023-10-27 17:14:59,"[""April 22"",""Stavanger""]",202204_waypoints_DP10_HDBSCAN15_stavanger_2M_UTM_3,1794132,933,3489,4,10,HDBSCAN,15,mahalanobis,1.0,0.01,1.0E-4,10,45,1,true,2,0.8470744680851063,0.13297872340425532,0.863488494547835,444.3271368637557,125.23575241494835,1035.3258262576242,752,,0.825
